rut,t1,r1,p1,t2,r2,p2,t3,r3,p3,t4,r4,p4,t5,r5,p5,t6,r6,p6,op1,op2,op3,op4,op5,op6,pt,game_score,score,score_a,score_p,score_d,score_s
0,64.3013103,1,4,251.0564093,3,10,224.745993,1,19,59.952302,1,5,180.2234557,5,13,105.741338,1,5,1,1,0,1,1,0,56,20.19202207,8,5,4,2,3
1,97.17089997,2,5,93.27364,2,9,108.99154,1,18,38.2730334,1,3,62.5489466,1,7,47.40264,2,4,0,0,0,1,0,1,46,17.10251114,8,4,4,2,3
2,85.59673437,1,8,217.0711803,7,16,150.40652,1,11,96.7101003,1,5,59.137248,1,2,102.937465,2,7,1,1,0,0,0,1,49,17.44534334,8,5,4,3,2
3,57.77616303,1,2,97.665937,1,4,187.0636336,2,11,69.7781864,2,6,44.290579,1,4,78.262694,1,8,0,0,0,0,1,0,35,19.18171782,6,3,3,1,2
4,32.51981634,1,3,57.51439663,2,5,75.5684387,1,8,54.644516,1,3,91.402663,2,6,148.266473,4,20,1,1,1,0,1,1,45,13.49464624,10,6,4,3,3
5,171.8334483,3,17,119.11679,2,10,250.1836323,3,20,76.616859,2,5,61.200057,3,4,58.6167887,2,5,0,1,1,1,1,1,61,18.10999014,9,6,4,3,3
6,124.229255,3,47,48.252944,1,11,79.1230763,1,11,115.836988,3,27,34.416659,1,14,36.963991,1,12,1,1,0,1,0,0,122,19.28390775,8,4,4,3,3
7,61.88488797,1,7,54.659338,1,12,83.578779,1,14,94.583914,2,15,60.303409,1,13,99.012441,3,20,1,0,1,1,0,0,81,16.75901211,5,4,2,2,1
8,18.63171766,1,8,30.9841,1,10,61.76179833,1,20,40.0009877,2,17,35.867928,1,15,35.517905,1,14,1,1,0,1,0,0,84,15.5082362,5,3,2,1,2
9,381.6505967,9,28,75.3470066,1,11,113.8203494,1,7,50.553369,1,3,66.6491093,2,4,110.537645,2,7,1,1,1,1,1,1,60,17.36245782,2,2,2,0,0
10,21.24801433,1,15,26.693425,1,11,84.05994337,1,15,159.627102,2,12,35.235706,1,7,61.5456033,1,9,1,1,0,0,0,0,69,18.5774801,4,3,1,3,1
11,575.0314327,9,70,64.29117,1,12,109.8668457,1,30,116.0161466,2,16,41.9432277,1,14,123.963937,2,28,1,0,0,1,0,0,170,30.80788842,6,4,2,1,3
12,272.8887,14,27,81.58826,1,6,260.14092,3,26,298.24178,5,16,42.71764,1,3,278.4803397,4,10,0,1,1,1,1,0,88,24.07674442,7,4,4,1,1
13,340.44118,3,10,125.31038,1,11,506.7894337,6,49,96.68876,1,5,61.97278,1,3,71.04678,1,4,0,0,0,0,0,1,82,26.90769957,4,3,1,1,2
14,45.5,1,5,92.78158,2,5,212.2371533,2,10,124.16398,2,8,99.32442,3,5,159.7654334,2,3,1,1,1,0,0,1,36,16.06351543,4,3,1,1,3
15,86.54676734,1,5,118.568193,3,15,231.2325827,2,13,41.481367,1,4,48.23644,1,3,83.6284203,2,7,0,1,1,1,1,1,47,14.90298307,2,1,1,1,1
16,136.3213933,1,7,73.339819,1,7,92.0411724,1,21,83.3649,3,20,47.5944283,1,6,40.816506,1,5,1,1,0,1,0,1,66,16.66499032,8,5,4,2,2
17,215.56075,11,35,49.549121,1,2,199.3655063,1,8,140.041638,2,8,164.057281,2,8,108.857049,2,4,0,1,0,0,0,1,65,21.13862999,11,7,5,4,3
18,171.194972,1,6,118.9880163,1,7,391.4834743,2,25,122.3484917,1,12,68.4554033,1,9,50.8121643,1,5,1,0,0,0,0,1,64,24.06920637,10,7,4,4,3
19,123.0358386,1,6,133.7649217,3,10,463.622319,9,34,56.5305247,1,4,39.3418743,1,3,85.0450717,9,3,0,1,0,0,0,1,60,19.78822432,7,5,3,2,3
20,235.695726,11,17,817.6501387,24,56,403.422115,9,54,190.454699,6,26,58.761676,1,11,37.364933,1,9,1,0,1,0,0,1,173,34.99560124,4,3,2,1,1
21,46.11378537,1,3,36.897676,1,5,109.8766143,1,3,125.408891,2,4,71.995638,1,2,119.359238,3,7,1,1,0,0,0,0,24,13.48448273,10,7,4,4,3
22,14.9474633,1,4,312.4427027,3,41,46.2097737,1,14,37.3850383,1,6,28.9605363,1,4,80.8594437,1,19,0,0,0,0,0,0,88,28.03009078,4,2,2,1,2
23,119.9348037,5,11,34.834133,1,8,92.657409,2,18,91.290563,1,8,176.6565863,9,24,27.22659,1,9,1,0,1,0,1,1,78,16.95180917,10,6,5,3,3
24,27.155248,1,3,112.265106,3,17,150.5813286,1,7,89.8655024,1,2,117.431759,1,3,75.165521,1,10,1,1,0,0,0,0,42,17.9022481,4,4,1,1,1
25,38.585319,1,4,71.322821,2,6,169.768669,3,17,41.484166,1,6,53.746184,3,9,51.130519,2,10,1,1,1,1,1,1,52,13.27799998,7,3,4,2,3
26,127.0773354,5,6,174.152848,2,6,267.32088,3,8,41.864647,1,1,90.512087,2,2,40.681259,1,1,1,1,0,1,0,1,24,16.51923078,7,5,3,3,2
27,116.1027554,1,9,156.187434,1,10,269.4219846,2,13,68.8646,1,2,95.92676,1,4,126.740691,1,6,0,0,0,1,0,0,44,22.13434224,10,6,5,3,2
28,56.62793733,1,1,146.886654,2,3,454.584083,5,16,53.520558,1,2,110.713293,4,3,69.671415,1,3,1,1,1,1,0,0,28,17.10002645,4,3,1,1,2
29,76.4474687,2,16,41.3060733,1,12,71.464376,1,25,46.454698,1,19,18.911744,1,12,26.0434204,1,9,0,1,0,0,0,0,93,18.37074224,3,2,0,2,1
30,159.068167,5,12,141.07189,5,14,186.3536664,1,4,59.631663,1,7,136.876455,4,17,184.771876,3,12,1,1,0,1,1,0,66,21.58474421,8,5,4,2,2
31,83.36741,2,6,144.429497,3,5,410.670855,4,16,97.325833,1,2,117.374262,1,2,177.825275,2,4,1,1,0,0,0,0,35,20.94141168,8,5,3,3,3
32,62.86581333,2,4,67.64620663,1,9,366.8132667,5,50,123.7235067,1,23,49.5364334,1,10,69.83778,1,17,0,0,1,0,0,0,113,25.46662198,7,5,3,2,2
33,39.85278434,1,2,43.73617533,1,3,125.6755443,1,10,91.8229254,1,7,52.703513,1,4,53.420687,2,6,1,1,0,0,0,1,32,16.49177285,4,3,2,0,1
34,55.37630667,1,1,323.24244,6,16,289.49238,2,3,66.0659866,1,2,44.6612934,1,2,57.6599666,1,2,1,1,0,1,1,1,26,15.96391043,10,7,4,4,3
35,51.39773737,1,7,52.747331,1,10,150.9930653,2,23,113.931787,1,15,46.41435,1,5,41.747693,1,5,1,1,0,0,0,1,65,17.08432803,10,7,4,4,3
36,78.2128483,2,20,63.93029,2,20,150.8929727,3,17,64.780263,1,4,62.38036,1,4,64.396958,1,13,0,1,1,0,0,0,78,17.34817855,6,4,1,4,3
37,130.7442444,1,6,60.809259,1,10,271.9986143,4,32,57.7896583,1,12,43.375656,1,12,94.508802,4,18,0,0,0,0,0,0,90,21.20247306,10,6,5,3,2
38,61.919918,3,5,133.305119,6,13,74.3911904,2,6,22.737203,1,3,58.440289,3,4,24.84839,1,2,1,1,1,1,1,1,33,11.62756207,9,6,4,2,4
39,36.82132667,1,11,42.4424,1,11,162.72836,2,14,58.62514,2,4,93.0589666,5,8,47.2134,1,3,1,0,1,1,1,1,51,13.67870727,8,4,4,2,3
40,217.6344523,3,9,125.306893,2,7,535.0845087,10,28,105.1998743,2,7,52.502961,1,4,101.950657,3,7,1,1,1,1,1,1,62,20.75702291,8,5,3,3,3
41,64.67796833,1,1,154.847227,2,11,339.3848443,3,24,112.195079,1,7,78.540111,1,3,57.8969514,1,4,0,1,1,0,1,1,50,17.6331111,8,5,4,2,3
42,104.0797063,5,12,91.290929,1,10,284.192408,3,100,435.8113717,6,155,66.996605,1,14,62.277813,1,19,1,1,0,0,0,0,310,41.74754463,4,3,1,2,1
43,101.146281,4,34,58.5069273,1,7,101.303444,1,8,82.9530137,2,3,79.786909,1,1,121.230121,3,5,0,0,1,1,0,1,58,16.06747054,7,5,3,2,2
44,25.659436,1,7,112.306388,1,50,54.121916,1,25,37.054417,1,10,19.244571,1,8,33.292347,1,7,1,0,0,1,0,0,107,20.67278156,9,6,4,3,3
45,38.21404133,1,8,57.3669087,2,7,76.147855,1,9,132.7785333,2,9,45.7815537,1,2,217.6176733,4,13,1,1,1,0,0,0,48,16.31382135,5,5,1,1,1
46,140.29136,1,2,189.46064,6,4,305.076,8,20,35.41904,1,3,24.6818,1,2,38.80688,1,3,0,1,1,1,1,1,34,15.78127218,8,6,4,1,1
47,962.0776747,7,127,38.542416,1,5,119.226661,2,10,95.981006,1,8,56.571903,1,4,169.100243,2,15,1,1,1,0,0,0,169,32.3161304,5,4,1,3,3
48,50.8152533,1,1,106.0724267,2,4,260.5790533,1,20,49.70014,1,3,42.05682,1,2,42.6519533,1,4,1,1,0,1,0,1,34,19.12549938,10,6,5,3,3
49,254.1542534,3,47,52.49542,1,13,157.7423333,2,22,70.90864,2,5,38.43494,1,2,79.66582,1,4,0,1,0,1,1,0,93,22.76416019,5,2,3,1,2
50,326.855854,7,11,110.112507,2,3,174.5740573,1,2,59.74622,1,2,133.221196,3,5,184.371336,3,6,1,1,1,1,1,0,29,17.93668087,10,6,5,3,3
51,130.3559513,1,14,61.602837,1,4,365.5325727,2,13,44.6019353,1,5,31.8847347,1,5,42.835262,1,6,0,0,1,1,1,0,47,17.30333661,8,5,3,3,3
52,94.167049,2,3,73.500321,2,3,65.6002353,1,12,47.4502374,1,2,46.3167163,1,5,68.050406,2,8,0,1,1,1,0,1,33,13.08988376,8,5,4,2,3
53,48.2684237,1,2,170.7120666,3,14,167.7145784,1,9,109.0905,1,5,119.5463576,2,5,116.7993044,1,8,1,1,0,0,0,0,43,20.61945551,5,3,2,1,2
54,101.1218117,2,41,43.199791,1,13,153.3751993,3,57,47.868016,1,25,29.911111,1,7,34.330013,1,16,1,0,0,0,1,1,159,21.90841752,9,5,4,3,3
55,307.5348354,10,10,121.706806,3,12,138.412316,3,35,26.875545,1,9,38.462661,2,11,41.33033,1,10,0,1,0,1,1,0,87,18.77419633,12,8,5,4,4
56,55.68632397,1,1,84.103758,2,5,284.9740204,3,19,42.617912,1,6,46.696565,2,3,44.532379,1,4,1,1,0,0,1,0,38,15.29271642,8,4,4,3,3
57,113.1233379,1,11,72.3449004,1,13,366.670905,4,26,64.1890745,1,4,84.7476235,1,5,81.8649124,1,3,0,0,0,0,0,0,62,20.52113795,7,4,4,2,2
58,87.41678937,1,13,40.44213,1,10,262.9982983,3,42,72.007804,1,13,71.342895,2,6,55.518471,2,11,0,1,0,0,0,0,95,24.66245037,2,2,1,0,1
59,22.032087,1,2,93.19538797,2,4,202.390307,1,12,137.527193,2,14,60.5968534,1,8,69.6797863,1,8,1,0,0,0,0,0,48,20.94435987,7,6,1,2,3
60,59.51515633,1,4,59.848162,1,11,100.3684153,1,6,100.16857,3,14,41.95199,1,2,145.9827754,1,7,0,0,0,0,0,0,44,19.31330736,6,4,3,1,1
61,108.5329734,1,3,96.9251267,2,8,179.0036866,3,13,95.4166334,1,6,47.0052733,1,5,53.3146,1,3,1,1,1,0,0,1,38,14.86363878,10,7,4,4,3
62,54.40107233,1,2,129.284905,2,10,292.488029,5,25,47.633943,1,2,111.4678177,3,5,97.6173866,1,3,0,0,1,0,1,0,47,16.88837906,10,7,4,4,3
63,67.98210737,2,8,40.4591633,1,6,432.3703413,8,38,44.521493,1,2,71.978597,3,9,71.081415,1,5,0,0,1,1,1,0,68,18.76906598,8,5,5,1,1
64,62.90523437,1,8,40.598364,1,3,117.8969583,2,12,163.726782,2,9,55.642001,1,5,57.757252,1,6,0,0,1,0,0,0,43,18.52485744,3,2,0,2,2
65,107.7118183,3,15,127.5610267,2,16,233.2564303,3,50,77.113218,1,17,42.0147324,2,7,40.898112,1,9,1,1,0,0,1,0,114,21.26172073,5,3,4,0,1
66,29.621648,1,1,112.2123593,2,9,86.2828544,1,8,197.800765,2,15,151.257659,3,19,70.4549516,1,7,0,0,0,0,0,0,59,20.78452099,8,4,5,2,3
67,23.399325,1,2,64.215072,2,5,172.3123724,2,12,65.115099,2,4,26.465996,1,2,37.3156673,1,3,1,1,0,1,1,1,28,11.60771697,10,6,4,4,3
68,39.68725333,1,7,39.29751997,1,9,96.4648667,1,14,44.31054,1,8,34.63564,1,4,47.3944333,1,5,1,1,1,1,1,1,47,11.77282909,10,6,5,3,3
69,97.0137923,1,5,148.67001,2,9,1080.815802,6,66,351.579234,1,31,97.713598,1,12,120.10905,1,19,0,0,0,0,0,0,142,46.19991073,5,4,2,2,2
70,84.85770167,2,24,20.646623,1,14,54.0970823,1,16,48.3358524,2,28,93.8084536,3,41,37.1971051,2,14,0,1,0,0,0,0,137,21.47008634,9,5,4,2,2
71,268.6490337,4,37,56.5789727,1,7,80.3098356,1,7,110.4419677,1,7,53.6785403,1,4,43.6633637,1,4,1,1,1,0,0,1,66,16.58020523,6,5,1,2,3
72,37.2109666,1,2,60.9563867,2,5,598.86902,1,7,79.120607,3,5,89.46902,5,8,55.04064,1,4,0,1,0,0,1,0,31,18.19776284,8,5,4,3,3
73,65.350279,1,13,38.490317,1,3,68.7493033,1,6,38.206934,1,3,136.6658734,5,11,79.39707,2,7,0,1,1,1,1,1,43,13.05315283,7,4,3,2,2
74,105.833988,2,11,76.417217,1,6,347.9689067,1,14,65.550438,1,5,187.7842583,2,8,55.333741,1,4,0,1,0,0,0,1,48,23.86796314,6,4,3,1,1
75,48.14489597,2,7,39.781938,3,16,196.6773697,6,73,49.810749,2,18,22.822926,1,16,55.308176,2,17,1,1,0,1,0,0,147,21.67759692,5,5,1,2,2
76,58.9031657,1,3,96.457482,1,6,526.173123,5,44,95.7884263,1,12,66.765424,1,5,34.5608113,1,5,1,0,0,0,0,0,75,23.35651609,10,7,4,4,3
77,38.84089067,1,1,184.897017,3,5,195.5319393,3,5,66.910622,1,3,26.4880697,1,2,39.1731853,1,2,1,0,1,0,1,1,18,12.72720769,8,6,4,2,2
78,61.58943003,1,11,45.664233,1,3,78.1606063,1,9,179.742227,4,18,42.97372,1,3,48.0986064,1,2,0,1,0,0,0,0,46,16.38847652,9,5,4,3,3
79,33.745973,1,1,80.659264,2,7,133.257258,3,17,50.929785,1,5,36.448611,1,3,32.920309,1,5,0,0,0,0,0,0,38,13.61256936,10,6,4,4,3
80,76.9584033,3,7,79.3628064,3,11,114.8463306,1,22,69.127355,2,17,32.760241,1,14,68.5094834,3,28,0,1,0,1,0,1,99,19.65382164,10,6,5,3,3
81,399.390963,5,28,55.189239,1,2,116.8443443,1,5,62.371338,1,3,54.756244,1,3,71.286197,2,6,1,1,1,0,0,1,47,16.67033748,8,5,3,3,3
82,78.24862397,4,4,81.262353,2,6,186.954701,2,11,50.472662,1,2,64.094112,1,11,76.782903,2,7,1,1,0,1,1,1,41,13.84182216,9,5,5,2,3
83,67.85934667,1,2,92.60708,2,5,328.7859267,3,24,96.4644533,1,5,63.5525467,1,4,84.57922,1,12,0,1,0,0,0,0,52,25.80837133,5,3,1,2,3
84,16.74588,1,2,30.74296,1,8,91.56075337,3,21,29.6594533,1,6,18.51218,1,3,39.57512,2,6,1,1,1,1,1,1,46,10.98797548,5,2,3,1,2
85,114.0689204,2,2,140.696761,2,7,236.8372856,1,32,118.6032007,5,22,64.8950127,2,6,132.7065746,3,28,1,1,0,0,1,0,97,24.65838748,6,4,2,3,3
86,121.5915513,3,2,83.0502267,2,4,105.1155497,1,3,39.3878016,1,1,93.9668983,3,5,53.475393,1,3,0,1,1,1,1,0,18,12.51276719,9,6,4,3,3
87,43.0840734,1,4,64.2179133,1,11,51.7680933,1,5,175.2870934,3,31,37.5672933,1,8,33.3008133,1,7,1,0,1,0,0,1,66,15.84710964,9,5,5,2,2
88,18.56115167,1,7,24.85302133,1,5,112.8477383,2,12,75.0916954,1,9,56.081538,2,8,59.1611013,3,8,1,1,0,0,0,1,49,15.3551639,6,4,2,2,2
89,72.996628,1,7,55.20540197,2,9,112.926194,2,16,47.4927634,1,2,41.1958093,1,4,38.913656,1,3,0,1,1,0,0,1,41,12.68842576,9,5,4,3,3
90,630.3929867,4,7,126.4886,3,7,244.44514,3,20,49.49366,1,2,44.5821,1,2,79.84202,2,5,1,0,0,1,1,1,43,22.34538878,6,2,3,2,3
91,197.75836,2,37,39.860854,1,5,77.5686934,1,6,43.455814,1,2,79.4888816,2,3,73.8072487,1,1,1,1,1,1,1,1,54,14.22937566,7,3,5,1,1
92,41.02664633,1,6,41.1432,1,5,141.9936923,2,14,54.3078494,1,5,128.7624216,4,8,63.6229324,2,8,1,1,0,1,1,1,46,13.98016044,10,7,4,4,3
93,49.78233437,1,6,36.799434,1,4,134.1479823,1,3,34.599493,1,4,70.265597,2,4,58.132429,1,5,1,1,0,1,1,0,26,12.07336217,5,3,2,1,2
94,277.131594,4,35,94.4476087,1,19,156.9202606,2,17,92.1245534,1,13,69.147239,1,3,51.7148336,1,4,0,0,1,0,0,1,91,21.10138713,5,5,1,2,1
95,100.6181967,3,9,41.209548,1,3,207.862966,8,4,49.401546,1,2,46.554365,1,3,48.302791,1,2,1,1,1,1,0,1,23,12.47499977,8,5,5,1,1
96,195.4671933,8,11,129.4596467,3,5,119.1642733,1,8,147.1667467,2,16,66.8381933,1,2,85.53962,2,6,0,1,0,0,0,1,48,21.83352785,8,5,4,2,2
97,41.846297,1,1,100.817384,2,11,200.641763,1,17,55.853013,1,5,81.512259,3,8,27.846652,1,4,1,0,0,0,0,1,46,21.35452779,6,5,2,3,3
98,37.99497733,1,1,213.9888183,6,10,336.7564437,4,23,65.658202,2,6,89.138442,3,7,107.686045,4,12,1,1,0,0,0,0,59,18.60602657,6,4,2,2,2
99,76.56816797,1,20,36.637978,1,10,70.004616,1,35,27.518431,1,11,21.85083,1,12,31.220446,1,12,0,1,0,0,0,0,100,22.78016014,5,3,1,2,2
100,38.26258434,1,4,72.52922233,1,6,97.017739,1,7,131.6894843,1,8,97.487763,1,8,63.837354,1,7,0,1,1,0,0,0,40,16.61045562,8,7,1,4,3
101,35.73798967,1,1,251.3027923,10,46,80.2895683,1,7,28.440373,1,8,26.6742814,1,5,45.467921,1,6,1,1,1,1,1,1,73,14.96877629,10,7,4,4,3
102,46.478789,1,7,127.5555034,2,18,100.5582446,3,12,64.36127,1,5,65.911288,1,4,50.645454,3,8,1,0,0,0,0,1,54,16.23437027,11,7,5,3,3
103,137.704212,1,3,128.707649,2,5,114.414758,1,8,381.543549,4,15,72.816952,1,4,88.0933257,3,8,1,1,1,1,1,1,43,17.52419564,6,4,3,2,3
104,35.27515233,1,2,82.297438,2,6,124.4210063,1,6,120.8217304,1,7,162.312044,2,8,95.260971,2,5,1,1,0,0,0,0,34,18.03379594,3,2,1,1,2
105,51.24391097,1,5,58.4760264,2,4,82.3403486,1,6,47.8610064,1,4,62.392609,1,4,125.9017723,1,8,1,1,0,1,0,0,31,13.44634005,8,5,4,2,2
106,32.385989,1,15,22.346181,1,8,88.98472497,2,134,85.398135,1,22,35.73256,1,20,53.678814,2,40,0,1,0,0,0,0,239,41.38564389,6,2,4,1,1
107,57.71942337,1,10,56.285981,1,10,271.9844763,3,49,97.7111727,1,18,54.5195796,1,11,46.937976,1,10,0,1,0,0,0,1,108,21.43141111,6,5,2,2,2
108,197.0189113,2,23,115.60953,1,12,332.9647077,2,32,518.753991,11,111,89.927014,2,10,79.495495,1,5,1,0,0,0,1,1,193,31.63186934,3,0,2,1,1
109,81.262376,1,8,61.895615,1,11,92.0114813,1,25,43.2307587,1,10,114.9760556,3,19,104.1258137,2,8,0,1,0,1,1,0,81,17.81588675,6,3,4,2,1
110,133.978466,4,22,27.8989693,1,10,40.6488086,1,28,24.415798,1,11,15.39942,1,9,46.7483127,3,17,0,0,0,1,0,1,97,17.74143651,9,6,4,3,3
111,40.9417923,1,4,30.9286177,1,7,411.8201567,10,98,25.395047,1,4,35.459413,1,6,45.3405843,2,9,1,1,0,1,0,0,128,21.90578408,7,4,5,1,1
112,64.98073663,1,7,80.730104,1,16,307.8814464,4,42,170.0377306,4,17,42.064984,1,4,75.213658,2,7,1,0,1,0,1,1,93,19.62495401,4,3,1,1,1
113,52.86419533,1,2,84.91274,2,4,145.1432827,2,8,194.57427,3,5,241.7221573,4,5,102.594968,1,3,1,1,1,0,1,0,27,17.79556875,8,6,4,2,2
114,103.933273,2,11,277.950375,4,35,441.133739,5,37,135.799856,3,13,119.983496,2,8,71.13336,1,1,1,1,1,0,0,1,105,24.62540693,7,3,5,1,1
115,23.30110334,1,2,71.87269133,2,4,103.836676,2,8,57.4180257,2,3,55.1481273,2,4,42.5961793,1,7,1,1,1,1,1,1,28,11.11404787,8,5,3,3,3
116,182.6749627,5,29,69.280245,1,14,80.4129763,1,12,50.731057,1,5,48.18113,1,5,44.148156,1,4,1,0,1,1,1,1,69,15.1148787,4,3,2,1,0
117,141.8380847,24,12,277.1981806,8,25,132.5563404,11,9,63.937038,1,4,70.9688173,1,8,113.9761877,11,7,0,1,1,0,0,0,65,19.59940747,1,1,1,0,0
118,93.01704497,1,9,86.5493527,1,11,104.976856,1,8,59.3743757,1,4,65.5355283,2,5,48.5658393,1,6,0,0,1,1,1,1,43,14.94720182,6,5,1,4,3
119,38.59353997,1,2,44.82104,1,5,59.810225,1,7,87.121587,1,6,52.555673,1,4,81.387212,2,5,1,1,0,0,0,0,29,15.09711106,4,2,1,1,2
120,49.94765533,1,1,169.3581917,3,4,114.1610563,1,2,63.380404,1,1,55.780647,1,1,67.113609,1,2,1,1,1,1,0,0,11,12.9446198,11,7,5,4,3
121,89.5692063,2,3,130.2631987,3,9,249.8506147,4,9,41.5135743,1,2,129.5605813,3,6,55.200892,1,2,0,1,1,1,1,0,31,15.07361258,2,1,2,0,0
122,41.5154543,1,1,78.331174,2,5,70.6480874,1,14,29.7993023,1,2,34.949038,1,4,44.548794,1,7,1,1,0,1,0,1,33,11.69242368,8,4,4,3,3
123,262.9120977,26,95,86.9813744,1,15,557.5629503,4,111,81.667166,1,17,67.664221,1,11,48.834732,1,9,0,0,0,0,0,1,258,38.99029112,3,3,1,0,1
124,52.980638,1,1,127.599157,2,3,131.9835866,1,5,50.64715,1,3,61.0764957,2,3,37.3173153,1,2,0,1,1,1,1,1,17,11.79527711,7,4,2,3,3
125,907.014173,13,214,63.6474543,1,10,64.097437,2,17,42.41497,1,9,30.315454,1,5,44.048238,1,10,0,1,1,1,1,1,265,37.15342403,8,5,4,3,3
126,269.767346,11,39,290.5472037,5,19,200.429888,2,21,91.5206453,1,6,115.574112,2,8,51.297675,1,5,0,0,0,0,0,1,98,24.84658364,9,6,4,2,3
127,59.95077667,2,8,60.7516417,2,11,285.5057393,3,42,134.4392234,1,5,47.0988207,1,4,35.4489297,1,3,0,1,0,0,0,1,73,21.56592737,5,2,3,1,2
128,124.062138,2,17,56.777716,1,15,215.9555654,4,19,41.592608,1,13,71.130574,2,5,38.262535,2,4,1,0,0,1,1,1,73,16.21740888,3,2,1,1,1
129,59.046768,1,2,129.7371133,3,9,95.1715513,1,3,51.6315483,1,3,103.3921693,1,4,101.7566733,2,4,0,1,0,1,0,1,25,14.96105662,10,6,5,3,2
130,67.42269133,1,2,156.369015,2,24,134.8260857,2,16,53.355154,1,9,40.074909,1,3,52.401785,1,4,0,0,0,0,0,1,58,17.27033552,11,7,5,4,3
131,52.81658997,1,1,132.366858,3,28,78.1012314,1,11,43.478579,1,9,39.117359,1,6,43.778145,1,5,1,1,1,1,0,0,60,14.21388912,9,5,4,3,2
132,101.78214,1,26,51.3745506,1,5,162.6112624,1,20,1317.984673,8,48,527.017865,3,20,53.842538,1,8,0,1,0,0,0,0,127,41.02622397,4,3,2,0,1
133,53.64784667,1,2,83.7465533,2,4,225.6042934,3,4,185.30838,4,18,92.0794866,1,4,48.5404134,1,2,0,1,1,0,0,1,34,18.05772881,7,4,3,2,2
134,36.89941204,1,1,98.35993329,1,5,116.6595464,1,3,69.5315789,1,2,118.3112474,3,3,93.4949867,1,3,1,0,0,0,0,0,17,15.51409277,7,4,4,2,2
135,45.32901133,1,8,50.5761823,1,10,107.0667817,1,17,40.524312,1,6,31.523526,1,5,102.7957623,3,10,1,1,1,1,1,1,56,13.05782183,11,7,5,4,3
136,104.8409414,2,13,34.2188163,1,10,136.1929513,3,28,67.020848,2,8,43.153397,1,4,62.037507,1,10,0,1,0,1,0,0,73,16.20554666,6,3,5,0,0
137,31.38093634,1,1,69.95353803,2,12,96.5227373,2,21,38.306333,1,7,35.376289,1,4,57.5845923,2,15,1,1,0,1,0,1,60,13.78916325,11,7,5,3,4
138,64.52343766,2,2,112.2067787,2,5,168.2101457,2,5,100.102491,2,7,144.201664,4,15,61.621742,2,9,1,0,0,0,0,0,43,16.64855154,9,5,4,2,2
139,143.5102334,6,46,26.73046,1,10,167.34754,5,55,66.50848,2,9,20.44864,1,4,34.21426,1,8,1,1,1,1,1,0,132,19.13295656,8,6,3,3,3
140,17.355318,1,2,23.063984,1,5,159.496745,3,29,29.911691,1,6,18.528817,1,4,21.862563,1,5,1,1,0,1,1,1,51,12.19133072,5,2,3,2,1
141,207.0561977,5,53,59.9134517,1,10,321.499368,5,41,72.6128253,2,8,103.961093,3,10,38.447922,1,4,0,1,0,1,1,1,126,22.72882556,4,3,2,2,1
142,80.25006503,2,18,36.583389,1,12,135.45019,2,38,62.216757,4,37,26.283381,1,13,52.450084,1,11,0,1,0,0,0,0,129,20.5476819,9,6,4,3,3
143,169.004362,1,17,58.6499123,1,3,269.01693,3,17,155.5998477,2,10,118.2851866,3,10,70.2833744,2,9,0,0,0,0,0,0,66,27.22048198,8,6,2,4,3
144,31.72269967,1,5,54.28132733,3,8,66.2442073,1,7,37.037545,1,3,42.0524334,2,3,30.4897043,1,3,1,1,0,0,1,1,29,10.76235246,10,7,4,3,3
145,22.149211,1,1,76.263591,4,7,60.8477533,1,23,35.481834,1,2,26.749098,1,2,56.381261,2,10,1,1,1,1,1,0,45,11.73819544,9,5,5,2,2
146,128.478,3,13,44.096,1,9,181.2243334,4,29,32.497,1,2,137.444,6,13,35.4943333,1,8,1,1,0,1,1,1,74,16.07050054,10,7,4,4,3
147,33.63918997,1,11,37.2065784,1,8,83.4643446,1,9,36.1228704,1,3,34.3228013,1,5,66.728309,1,7,1,0,1,1,1,0,43,12.86236395,8,5,4,2,3
148,125.5952603,1,26,67.562699,2,13,192.2417863,3,50,46.252632,1,8,136.875274,4,12,44.719939,1,8,0,1,0,0,1,1,117,20.18245788,6,2,4,2,1
149,67.2641333,1,9,75.8183533,1,10,126.8489933,1,15,56.0594467,1,3,214.82552,5,13,38.0661067,1,5,1,1,0,1,0,1,55,15.73325139,8,6,3,3,3
150,59.60526133,1,4,54.373185,1,9,187.1478323,2,18,47.024444,1,6,46.557666,1,6,50.573696,1,4,0,1,0,1,0,1,47,13.95401716,3,3,0,1,1
151,38.016678,1,4,53.8288397,2,9,103.2740613,1,9,90.0551873,1,8,48.3573454,1,5,36.2092106,1,6,1,1,0,0,1,0,41,13.81356521,8,5,3,3,3
152,30.39999733,1,1,57.0873,1,2,94.82909537,1,5,115.206821,3,20,48.513394,1,12,40.339023,1,9,1,1,0,0,0,1,49,13.66754483,5,3,3,2,1
153,128.833012,1,21,36.5618583,1,10,118.3844427,1,16,67.924447,1,16,50.8100356,1,12,41.67774,1,11,0,1,1,0,0,1,86,17.44854504,6,2,4,1,2
154,77.53490197,2,2,221.1547096,2,14,331.699989,2,10,182.439245,1,2,58.632489,1,3,54.6506517,1,4,1,1,1,1,1,1,35,17.06132832,7,5,3,2,3
155,94.7610427,1,4,88.1169703,1,4,102.1069227,1,6,52.5595563,1,2,40.4945564,1,2,107.544958,2,5,0,1,1,1,1,1,23,12.39428598,8,5,4,1,2
156,115.1313944,2,21,39.160265,1,4,280.4875623,4,31,81.303428,2,5,51.191508,2,6,67.972547,2,8,0,1,1,1,1,0,75,17.18386899,3,2,0,2,1
157,39.63369334,1,3,75.91595333,2,5,83.833882,1,8,74.299904,1,4,52.9330297,1,3,167.4829713,4,4,0,1,1,0,0,1,27,14.15560878,5,3,2,2,1
158,26.08131733,1,1,115.041121,2,7,166.3206934,2,13,48.6794193,1,2,54.512577,1,3,82.277205,1,4,1,0,0,1,0,0,30,16.08072484,8,5,4,3,2
159,161.7919,3,16,746.1382533,12,103,292.1685537,4,36,58.32632,1,10,42.22526,1,5,37.4133,1,4,1,0,0,0,0,1,174,33.85526236,5,5,1,2,1
160,35.28134167,1,1,109.5993797,2,8,134.199516,2,13,134.4332323,4,10,82.428914,2,8,55.308712,1,5,1,1,1,1,0,0,45,14.6945735,9,6,4,3,3
161,41.55519867,1,6,92.395405,1,19,104.6967193,1,15,112.314214,1,7,53.373478,1,4,79.876768,2,11,0,0,0,0,0,1,62,18.59489082,8,4,5,2,2
162,33.24747167,1,7,52.7653653,1,7,81.6755004,1,13,146.5187963,2,39,148.0537163,3,14,36.350354,1,6,0,0,0,0,0,1,86,18.13295514,4,2,1,2,2
163,196.8432233,2,49,150.1097617,2,17,191.0055543,3,17,81.243344,2,7,79.0961993,2,4,72.1464907,2,8,0,0,0,1,0,0,102,21.89546056,8,5,4,3,3
164,78.96841337,1,7,82.878576,1,9,225.942438,3,46,24.050109,1,9,24.751849,1,5,38.005323,1,5,0,1,0,1,1,0,81,17.43554276,6,4,3,1,2
165,65.23963397,1,1,220.7176197,5,14,343.8981383,9,13,208.2505584,4,13,58.3910886,1,2,155.5420797,4,4,1,1,0,1,1,1,47,19.33030169,4,2,3,1,1
166,85.48146233,1,8,73.3611193,1,16,158.226413,2,52,66.925854,2,25,48.169877,1,3,30.877142,1,5,0,0,0,1,1,1,109,21.5891657,3,2,2,0,0
167,45.17495633,1,7,63.60878767,1,10,166.119367,1,37,96.468768,1,12,52.6431146,1,7,304.9158497,4,55,1,1,0,0,0,0,128,28.02759067,4,2,2,1,2
168,37.45081733,1,1,50.034099,1,4,80.6514693,1,4,37.550241,1,3,26.433496,1,2,43.584021,1,3,1,1,1,1,1,1,17,9.682933675,7,4,2,4,2
169,138.5828587,2,27,69.8606493,1,14,180.1457874,2,55,130.4447163,2,31,46.027326,1,9,65.0440723,1,12,1,0,0,0,0,0,148,30.53031238,10,6,4,4,4
170,98.4467133,1,31,28.5511733,1,11,134.2988734,2,39,42.32764,1,2,30.6162666,1,3,43.56228,1,3,1,1,1,1,1,1,89,15.07972337,7,3,4,2,3
171,59.7263333,2,9,57.1523334,1,12,107.3966666,1,49,52.7793334,1,11,30.3453333,1,9,102.2026667,4,34,1,0,0,0,0,0,124,31.3937691,8,4,4,2,2
172,38.83495637,1,1,90.5704377,2,7,225.7595106,3,6,60.80252,1,5,80.2699607,1,3,100.887499,2,4,1,1,0,0,0,0,26,16.52244621,6,4,4,1,0
173,184.8355227,5,11,48.929506,1,5,307.742397,4,23,127.523329,3,9,90.359584,2,4,102.441947,2,9,1,1,0,0,0,0,61,24.72655004,6,3,3,2,2
174,38.06740633,1,3,39.6499377,1,5,129.4626986,2,14,32.4530677,1,2,60.0748003,2,7,46.713688,1,5,0,1,0,1,0,0,36,13.12285636,7,6,2,3,3
175,30.90269334,1,2,101.2170666,3,8,90.4809134,1,3,83.74656,1,2,102.1405066,2,4,72.3638067,1,4,1,0,1,0,1,0,23,13.30466994,5,2,3,1,2
176,176.1639073,2,8,440.146825,6,27,88.9780907,1,7,44.6819153,2,5,111.092097,5,12,22.383007,1,10,0,1,0,0,1,1,69,20.16702781,8,5,4,3,3
177,67.07019137,1,5,50.518951,1,5,102.1701163,1,5,65.071847,1,5,65.9376953,1,4,46.589293,1,4,0,1,0,0,0,0,28,15.03622102,8,6,3,3,3
178,66.555033,1,8,47.709248,1,10,93.1268296,1,14,56.4884414,1,8,30.167328,1,6,62.3580273,1,9,1,1,0,1,1,0,55,13.58667147,6,4,2,3,3
179,26.500862,1,1,167.471077,3,10,348.720231,8,19,106.178032,3,3,139.0863637,6,8,96.6657313,1,2,1,1,0,1,0,0,43,18.74461038,8,5,3,3,2
180,33.869534,1,1,51.25787903,1,6,228.3635933,6,25,50.482236,1,3,30.7013624,1,2,41.6513623,1,4,1,0,1,1,1,1,41,13.02194068,7,5,2,3,3
181,45.81430563,1,6,73.3457454,3,13,94.061473,1,11,53.763301,1,5,40.8144456,1,3,47.913951,1,5,1,1,1,1,1,1,43,12.04801217,7,5,2,3,3
182,107.1421917,1,12,112.6983553,1,20,83.4983063,1,19,84.6359004,2,20,44.443604,1,4,58.2312657,1,3,0,0,0,1,0,0,78,20.91210835,6,3,4,1,2
183,24.36060234,1,2,64.13937603,2,6,95.007708,1,10,41.6598863,1,3,42.7392317,1,4,58.4427826,1,5,1,0,1,1,0,1,30,11.44616449,3,1,1,2,1
184,30.63289703,1,1,46.6995596,2,5,46.749402,1,7,33.1495707,1,4,22.5163037,1,2,27.9163113,1,4,1,1,1,0,1,1,23,9.712769791,8,6,3,3,3
185,75.2981677,1,18,39.640816,1,10,72.3657497,1,40,42.806328,1,15,84.2623363,1,13,65.8341173,1,9,0,1,0,0,0,0,105,25.96243249,5,1,3,1,2
186,101.4355374,3,24,24.573922,1,10,291.307436,5,78,68.1548673,3,20,66.5814653,1,8,24.360502,1,10,1,1,0,0,1,1,150,25.51392894,7,4,4,2,3
187,398.1965734,6,41,30.3048,1,5,84.92756,2,9,28.2146333,1,4,73.60736,3,12,45.1384867,1,4,0,1,1,1,0,1,75,17.90448151,10,6,5,2,4
188,114.017101,2,20,52.937155,1,10,80.712779,1,11,51.638285,1,3,71.604135,1,5,42.745996,1,4,0,0,1,1,0,1,53,15.60991623,6,5,2,2,2
189,49.75804667,1,2,48.48978003,1,2,118.4655066,1,5,134.5341133,2,7,75.95284,2,5,101.8491133,2,7,1,1,0,0,0,0,28,14.71343851,5,4,1,2,2
190,106.9635677,2,6,43.585224,1,6,98.2667017,1,6,89.519722,1,8,44.568337,1,3,42.218988,1,3,0,1,0,0,0,1,32,13.95579192,8,5,5,1,1
191,110.2076633,1,4,116.9466637,1,29,180.5646904,1,31,43.7496163,1,5,61.3987367,1,7,94.2001583,2,9,0,0,0,1,0,0,85,20.23351073,12,8,5,4,3
192,93.58326197,3,6,42.049929,1,5,135.566581,2,8,108.9499174,5,10,45.266466,2,7,31.766594,1,3,1,1,0,1,0,1,39,13.57865347,10,6,5,3,3
193,34.496573,1,1,149.137532,3,14,306.441133,4,25,65.3287153,1,5,27.363509,1,3,80.1442223,1,12,0,1,0,0,1,0,60,18.28444307,5,2,3,1,1
194,20.3425266,1,3,67.5160134,1,10,73.79376,1,11,49.7522,2,6,69.44498,3,10,35.7933733,1,6,1,0,1,1,1,1,46,12.65156559,7,4,4,1,2
195,62.6875896,1,1,140.5363876,9,8,128.1909304,1,5,137.4396903,1,6,121.7055107,2,2,113.2959697,1,3,1,1,1,0,0,1,25,15.26019867,6,4,2,3,2
196,68.4610394,2,9,45.917745,1,6,138.817764,1,13,109.1131066,2,7,48.966453,1,4,171.3406027,2,13,1,1,0,1,0,0,52,16.86018709,5,4,2,1,2
197,292.9466316,15,129,104.38122,1,32,97.0883024,1,30,98.3039473,1,29,221.4830493,2,61,1448.764917,18,342,0,0,0,0,0,0,623,84.47233108,7,4,2,3,3
198,88.39679033,2,3,55.047375,1,4,126.2106413,1,5,75.879921,2,4,57.430594,1,3,226.3394,7,17,0,0,0,1,0,0,36,16.48962317,9,5,5,2,3
199,181.7030663,11,43,40.1485094,1,11,207.762609,3,39,38.631103,1,5,42.1992883,2,6,48.56828,1,6,0,1,1,0,1,0,110,18.75223634,5,3,2,1,2
200,28.97202533,1,1,93.206196,2,4,156.9206133,2,17,56.5075724,1,9,37.087303,1,4,70.656054,1,3,1,0,0,1,0,0,38,15.13666172,3,2,0,2,3
201,125.7812866,1,16,109.5966257,1,26,143.731094,1,34,152.3063457,2,34,81.523008,1,21,141.2666603,1,16,0,0,0,0,0,0,147,29.11696262,6,3,4,1,2
202,310.039418,4,14,99.1405207,1,4,178.2444146,1,15,176.5226717,1,5,80.1765943,1,2,85.1183357,1,9,0,0,0,0,0,0,49,27.50980789,4,3,2,1,2
203,166.9170893,1,9,130.4634414,1,7,171.0899786,1,4,146.9508754,1,3,82.240812,1,3,129.403786,1,2,0,0,0,0,0,0,28,19.34160686,4,3,0,3,2
204,47.3797133,3,7,26.97634,1,5,47.19128,1,5,53.4351667,2,7,27.57652,1,7,21.8853933,1,3,1,1,1,0,0,1,34,11.66406936,8,5,5,2,2
205,33.09194467,1,2,127.8926516,4,9,227.376801,4,16,31.850249,1,3,51.8087474,1,6,52.350419,1,6,1,1,1,1,0,0,42,15.36678431,8,5,5,2,0
206,34.94743963,1,1,234.384876,3,8,95.7271594,1,5,44.480365,1,3,49.8301703,1,7,51.813249,1,6,1,0,1,1,0,1,30,13.22953579,4,3,1,1,1
207,112.067901,2,15,45.73003,1,7,102.1755017,2,21,63.065834,1,5,66.7363227,2,6,79.2567276,1,13,0,1,1,1,1,0,67,16.36468565,6,3,3,2,1
208,28.36508666,1,1,66.91333397,2,3,71.52818,1,11,72.080393,2,13,44.839311,1,6,27.7934264,1,10,0,1,0,0,0,1,44,15.18838287,10,6,5,2,2
209,49.31480203,1,14,25.8323133,1,11,57.9144247,1,41,101.0460314,3,38,31.5487753,1,17,36.4652733,1,14,0,1,0,0,0,0,135,30.55272131,6,2,3,3,1
210,107.185755,3,6,441.4854737,7,23,285.797176,4,8,65.192412,1,3,34.336341,1,2,100.178224,2,3,1,1,1,0,1,1,45,19.0353962,7,5,3,2,3
211,34.394373,1,1,94.667751,2,8,80.7701363,1,7,51.291549,2,6,70.58867,3,5,78.6871084,2,7,1,0,1,1,1,0,34,12.98023891,7,5,3,3,3
212,24.57906933,1,2,106.9577697,4,9,86.4255293,1,11,61.6037173,2,6,55.1054507,1,9,111.4041743,3,28,1,0,0,0,0,0,65,20.32284487,5,2,2,2,3
213,80.9740903,1,9,74.897716,2,16,333.7683657,4,49,79.701608,1,10,83.9222303,2,9,133.4684904,3,17,1,1,0,0,1,1,110,20.94939379,3,1,2,1,1
214,44.78142934,1,7,51.94748503,1,7,181.5246263,1,19,63.0969303,1,4,64.229258,1,6,54.430772,1,6,1,1,0,1,0,1,49,14.53735318,5,3,2,2,2
215,102.929959,4,33,146.994297,4,124,128.8116864,4,48,32.315455,1,9,26.38231,1,6,30.782106,1,9,0,1,1,1,1,1,229,25.00837732,6,4,2,3,3
216,151.9250414,1,12,68.87676,1,4,184.0490553,2,9,47.810339,1,2,44.330071,1,3,63.348238,1,5,0,0,1,1,1,1,35,14.01018797,7,4,4,1,2
217,31.18092033,1,2,47.5307383,1,3,125.8922237,2,4,46.279584,1,4,73.923762,2,6,41.2077383,1,3,1,0,0,0,0,0,22,16.59693774,7,4,4,1,2
218,48.95157267,2,8,114.8441373,4,36,218.702312,5,57,80.660985,3,13,105.2618607,4,17,40.689853,2,10,1,1,1,1,1,1,141,20.49771962,7,5,2,2,3
219,103.9187134,1,24,302.8879666,11,64,98.3808667,2,21,237.1085933,3,14,47.2133534,1,5,28.4100066,1,7,0,1,1,0,0,0,135,25.01291017,6,4,2,3,3
220,23.72727434,1,3,31.10118533,1,3,171.5611253,3,15,59.677018,1,6,54.758124,2,4,37.450286,1,5,1,1,0,0,0,0,36,15.0236033,8,5,3,3,3
221,27.12896134,1,1,67.50687033,2,4,73.2128253,1,5,36.339469,1,2,22.641252,1,2,48.569401,2,4,1,1,1,1,1,1,18,9.741260794,7,5,2,4,3
222,112.1360743,13,35,108.185484,2,3,422.4904713,4,8,61.051111,1,1,54.684248,1,1,104.751857,2,3,1,1,0,1,0,1,51,19.34774372,7,4,3,2,3
223,108.4761596,3,5,55.833465,2,8,64.7381824,1,9,41.19859,1,2,57.754676,2,6,83.5495673,1,6,0,1,1,1,0,0,36,15.18532297,10,6,5,4,3
224,109.982146,1,17,50.8387547,1,12,52.14933,1,22,36.782946,1,11,25.866375,1,11,85.949068,1,29,0,1,0,0,0,0,102,22.73063887,5,3,2,1,2
225,110.872133,3,6,39.135361,2,7,266.613542,7,40,29.2179233,1,4,22.917788,1,3,31.234943,1,7,0,1,1,1,1,1,67,15.22932999,6,3,4,1,2
226,100.8339436,3,21,34.778361,1,3,261.9048997,3,32,65.021909,1,4,62.5209973,1,3,99.4001114,2,7,1,1,0,0,0,1,70,20.59760898,6,4,1,3,3
227,71.26904103,2,5,74.697743,2,15,107.2280906,2,12,32.6655724,1,2,44.5241833,1,3,44.2231593,2,5,1,0,1,1,1,1,42,12.8064068,7,4,4,1,2
228,81.5250296,1,9,93.928366,1,14,113.4843697,1,6,49.248216,1,3,76.506479,2,8,53.499526,1,6,0,0,0,1,1,0,46,15.06983555,8,5,5,0,1
229,177.2322723,5,22,115.9073224,5,10,87.2776533,1,4,79.6475363,2,6,198.6165297,10,45,50.616399,1,6,1,1,0,0,0,0,93,21.07270469,8,5,3,3,3
230,30.52612033,1,2,24.6941,1,4,86.9960653,1,15,56.386647,1,7,34.358571,1,4,158.945722,2,12,1,1,1,1,1,0,44,12.77718589,8,5,5,0,1
231,113.2569587,1,23,85.3808526,1,10,66.2894884,1,18,44.4146976,1,10,38.6856667,1,5,46.0133083,1,7,1,1,0,0,0,1,73,14.89338476,6,3,3,2,2
232,76.10832733,1,12,35.2903213,1,7,180.716931,4,49,30.8083174,1,10,24.6767423,1,5,30.6750047,1,8,1,1,0,0,0,0,91,19.19035269,6,4,2,2,3
233,123.8584866,1,15,100.4999017,1,9,643.4624643,4,90,93.8243313,1,9,60.407054,1,7,160.924077,1,7,0,0,0,0,0,0,137,38.69618936,5,2,2,2,2
234,46.06221133,1,2,104.7214074,2,6,123.8224186,1,5,62.36033,1,3,70.5600446,1,4,165.9004197,3,10,0,1,1,1,0,0,30,14.30811671,8,6,3,3,3
235,137.910828,5,10,57.356431,1,5,151.9749036,1,11,124.57964,2,15,89.018722,2,9,108.225278,1,7,1,1,0,0,0,1,57,17.84131916,6,3,4,2,1
236,146.527476,4,47,34.81323,1,5,162.3622826,2,14,106.0791454,2,13,35.6079133,1,6,32.9140137,1,3,0,1,0,0,0,1,88,21.47298536,8,5,4,2,3
237,229.0167137,1,20,84.413281,1,9,292.2486853,2,26,123.5387943,1,9,99.46022,1,7,234.2288447,1,6,0,1,0,0,0,1,77,24.93819918,2,1,1,0,1
238,57.29629603,1,10,47.896859,1,7,101.3438933,1,28,106.410178,1,7,108.110059,2,4,151.840697,3,10,0,1,0,0,0,0,66,20.33303856,5,4,1,2,2
239,125.1940037,3,4,72.313216,2,6,113.0112473,2,11,35.648292,1,3,24.598884,1,2,33.76506,1,3,0,1,0,1,1,1,29,12.13922308,9,7,3,4,3
240,45.49208534,1,6,109.2506736,2,27,78.5557457,1,15,78.5057273,2,21,31.8126504,1,4,23.6050613,1,3,1,1,1,0,1,1,76,15.29646374,11,7,5,4,3
241,116.968329,1,21,78.684629,1,17,312.0377504,4,49,74.284441,1,17,59.700775,1,15,47.300656,1,10,0,0,1,0,0,1,129,23.56050214,6,6,2,2,1
242,33.305423,1,1,111.678944,2,3,153.514871,1,7,42.4856,1,2,56.014366,2,3,40.919488,1,3,1,1,0,1,1,0,19,12.16731512,7,4,3,3,3
243,83.936001,7,36,83.519478,1,16,236.743228,4,53,56.4210337,1,10,47.4384054,2,12,44.931081,1,10,1,0,1,0,1,0,137,21.62322693,9,5,5,2,3
244,68.51971833,1,3,1092.3325,6,37,131.888257,1,6,116.281134,1,2,76.482794,1,2,84.612833,2,5,0,1,1,1,1,1,55,24.81917603,6,3,3,2,2
245,195.7116534,1,32,54.75572,1,9,73.01286,1,8,47.9975333,1,8,105.58674,3,16,77.51294,1,7,0,0,0,0,0,0,80,23.24487272,10,6,4,4,3
246,95.1837897,1,1,383.572221,10,14,174.9849423,1,4,92.3974063,1,2,99.138469,1,2,167.5943977,3,5,1,1,0,1,0,1,28,19.38160287,9,6,4,3,3
247,176.5353076,2,25,56.7485919,1,11,99.5534261,1,9,74.3061395,1,3,32.3849204,1,3,67.8030602,2,7,0,1,1,1,1,1,58,15.54539116,7,4,3,1,2
248,37.30993233,1,11,23.60456767,1,10,72.5833393,1,16,21.000433,1,12,20.633131,1,8,40.0977564,1,15,1,1,0,0,1,0,72,14.06288724,8,5,4,3,3
249,165.8312074,3,30,98.083852,3,19,111.285902,1,19,61.0206756,1,9,177.153928,1,13,46.4351914,1,8,1,1,0,1,0,1,98,21.85764119,4,3,1,2,1
250,103.9555797,9,36,22.575064,1,9,122.9788343,3,42,99.470097,2,34,37.1304324,1,7,48.8514613,2,15,1,1,0,0,0,0,143,28.34109506,5,2,3,1,2
251,26.340924,1,8,45.4168493,1,10,97.082509,1,22,40.968647,1,15,27.540049,1,15,58.1293464,1,15,1,0,0,0,0,0,85,20.09527176,4,2,1,2,2
252,48.08114833,1,1,105.295143,1,6,84.0960987,1,9,42.4647066,1,6,36.4149754,1,4,45.924605,10,5,1,0,0,1,0,0,31,14.403535,7,4,3,2,3
253,63.99968667,3,4,120.2880733,2,12,70.87292,1,14,62.6099,1,2,52.81444,1,2,83.4034867,2,4,1,1,1,1,1,1,38,12.689856,7,4,3,2,2
254,70.0813024,1,13,58.696902,1,7,450.794297,3,27,122.0606533,3,7,73.8119827,2,17,40.4150626,1,6,0,1,0,0,0,0,77,22.07654514,8,5,4,2,3
255,44.5746764,1,1,40.340479,1,6,85.848713,1,12,61.877646,1,8,48.6421163,2,5,28.288452,1,5,1,1,0,0,1,1,37,12.66924565,9,6,4,4,3
256,408.1323334,2,2,69.521,1,13,358.425,4,81,276.1360003,5,44,49.336,1,11,41.954,2,14,1,1,0,0,0,1,165,33.91759423,5,3,2,2,1
257,35.48870197,1,1,241.2791117,4,18,112.2762963,1,4,50.4741597,1,3,45.057713,1,3,61.408144,1,4,1,1,1,1,1,0,33,13.58979209,8,5,3,3,3
258,45.983764,1,1,93.05143697,2,6,294.7427094,4,5,35.329751,1,1,42.932583,1,1,124.512832,2,4,1,1,0,1,0,0,18,14.97861462,7,4,3,3,3
259,133.076896,2,19,58.526033,2,16,55.8754763,1,20,143.014911,4,33,30.980668,1,12,61.827972,2,24,0,0,0,0,0,0,124,24.77517835,8,4,5,1,2
260,23.88919,1,2,39.111674,1,5,66.08190033,1,8,81.9229713,2,5,37.064026,1,4,56.302367,1,8,0,0,1,0,0,0,32,12.95007007,7,3,4,2,3
261,40.50395,1,4,50.1631223,1,8,78.5790834,1,12,50.63228,1,5,50.3128143,1,5,41.9472594,1,10,0,1,1,1,1,1,44,12.3262176,6,3,3,2,2
262,44.78968333,1,10,30.7879673,1,11,50.8405277,1,14,22.2696043,1,14,18.6187554,1,8,38.675363,1,3,1,1,1,1,1,1,60,11.644975,6,4,3,1,1
263,74.29605333,1,9,48.764065,1,10,105.2443173,1,14,68.112973,2,16,31.214986,1,13,34.598138,1,11,1,1,0,1,0,0,73,16.17986976,5,3,2,1,2
264,148.66387,1,7,60.5878313,1,5,296.7023383,4,17,118.0477087,3,10,25.935561,1,2,48.0685287,1,4,0,1,0,1,1,0,45,17.0665847,11,8,4,4,3
265,159.46586,3,45,17.71478,1,14,27.2262334,1,24,27.40818,2,17,21.14474,1,16,33.86638,1,19,1,0,0,1,0,0,135,24.82821263,9,5,4,4,2
266,198.6338027,3,5,116.739246,2,6,271.8163123,2,16,138.0801113,1,3,94.960211,1,4,71.7392537,1,3,1,0,0,0,0,0,37,24.82148856,7,5,2,3,3
267,26.957887,1,1,98.45005033,2,3,328.6218373,3,16,196.683422,3,18,32.571986,1,2,35.521196,1,3,1,1,0,0,1,1,43,18.41945917,5,2,3,2,2
268,60.57926,1,5,132.289184,3,23,105.1474874,1,6,74.508127,1,4,74.257849,1,1,103.914404,19,5,1,1,0,1,0,0,44,15.42465154,10,6,5,3,3
269,23.26029534,1,3,25.30992403,1,4,65.6328663,1,14,45.538066,2,10,24.660178,1,4,36.690559,1,8,1,1,0,1,1,0,43,11.70516079,7,4,4,2,3
270,68.30709397,1,15,138.814388,1,12,114.6116974,1,17,103.477511,1,12,66.640175,1,8,53.038688,1,9,0,1,0,0,0,1,73,18.26094062,6,4,2,2,2
271,63.0517934,1,1,352.308488,7,31,311.9278086,6,12,115.2783037,3,3,45.548469,1,1,170.018973,8,14,1,1,0,1,0,0,62,22.06095774,9,5,5,2,3
272,67.11141933,1,7,61.909776,1,4,395.0377273,3,6,102.1134744,1,9,82.007485,1,3,74.124852,2,4,0,1,1,0,1,1,33,16.82598128,8,4,5,2,3
273,303.6667163,3,20,310.682349,3,67,754.726172,6,208,31.228207,1,10,53.107904,1,9,24.895931,1,8,0,0,0,1,0,1,322,49.21644171,6,3,4,1,2
274,74.13324203,1,1,190.668971,3,9,80.0500333,1,10,83.516613,2,6,42.567078,1,4,219.71686,5,22,1,1,1,1,0,0,52,16.4685076,8,4,5,2,3
275,305.2686646,5,13,66.2707847,2,14,62.937213,1,8,87.7721103,1,9,39.819055,1,8,43.536063,1,7,1,1,1,0,0,1,59,17.35155253,5,2,3,1,2
276,47.63347603,1,1,87.117042,2,3,204.7009066,2,18,98.633887,2,7,35.966807,1,14,36.68351,1,11,0,1,1,0,0,1,54,15.9705062,11,8,4,3,4
277,22.39833534,1,7,27.3481327,1,10,124.1326323,2,38,52.978929,1,12,55.0813844,1,12,39.551218,1,10,1,1,0,0,0,1,89,17.40452846,7,5,3,2,1
278,88.3467103,1,5,150.402807,1,7,339.484483,2,10,117.318743,2,5,95.506487,1,4,185.006511,2,6,0,0,0,0,0,0,37,25.31421649,5,4,3,0,0
279,47.21484467,1,8,68.4806754,1,11,87.2299146,1,8,129.411598,3,6,46.3981827,1,2,76.3136646,1,2,1,0,1,0,1,0,37,14.55090397,5,2,2,1,2
280,145.2747804,2,33,152.5109836,1,19,184.0146974,1,25,68.728316,2,11,168.3110376,4,21,43.6205177,1,9,0,0,0,1,0,1,118,29.49111576,3,2,1,1,1
281,113.7887123,1,1,171.5652737,2,3,164.2729816,1,10,335.3714854,5,14,86.8815583,1,4,211.642504,4,11,1,1,0,0,0,1,43,20.66370303,9,6,4,3,2
282,41.98136133,1,3,116.577633,2,9,88.5791393,1,5,35.431642,1,2,40.464679,1,2,46.214411,1,2,1,1,0,1,0,1,23,11.59050583,11,7,5,4,3
283,58.07589333,1,2,91.592914,2,14,226.0435803,4,34,52.531484,2,15,56.76065,3,14,41.592289,1,2,0,0,0,0,1,1,81,17.29990331,8,4,5,2,2
284,55.37456534,3,6,30.94984266,1,5,119.916011,1,13,53.4067994,1,5,68.2280537,2,10,34.395835,1,6,1,1,1,1,1,1,45,12.23383292,8,5,3,3,3
285,73.42129533,1,34,42.0527963,1,14,48.7627534,1,44,33.531721,1,15,30.076279,1,16,25.6476933,1,13,0,0,0,0,0,0,136,37.47447589,9,6,3,2,3
286,213.968048,5,38,47.113258,1,7,332.9913266,9,66,38.03046,1,6,35.18078,1,4,74.211299,2,13,0,0,1,0,1,0,134,23.41755078,5,3,2,1,2
287,116.488528,3,10,159.191551,5,28,116.9558643,2,23,87.187607,3,18,53.3026,3,18,43.3021193,1,8,1,1,0,0,0,1,105,19.25126558,7,3,5,1,2
288,133.378,4,11,55.332,1,3,194.621,3,13,65.32,1,8,52.471,1,5,57.471,1,5,0,1,1,0,0,1,45,15.7214572,7,5,3,2,1
289,67.84225333,1,6,52.570003,1,11,187.7056813,1,26,52.7520124,1,5,113.843354,3,8,47.7188326,1,6,1,1,0,0,1,1,62,16.89222941,7,4,4,2,1
290,149.1544583,6,59,85.090957,1,29,47.1024263,1,19,34.456174,1,13,35.755842,2,23,44.653114,1,14,0,0,0,0,0,0,157,25.47889937,4,3,1,1,2
291,37.84588834,1,2,19.868003,1,3,186.2367483,6,32,117.4519773,2,7,70.190308,3,5,35.588479,1,4,1,1,1,0,1,1,53,14.05493119,8,4,5,2,1
292,31.87698934,1,1,71.96911303,2,8,91.9984333,1,11,66.853399,1,7,40.2917873,1,3,47.240596,1,5,1,1,1,0,1,1,35,12.14228623,9,6,5,2,2
293,45.87842767,1,1,116.0143457,2,4,166.0187487,1,4,102.0760483,2,5,78.576187,1,1,86.5608374,2,5,1,1,0,1,0,1,20,13.74539278,8,5,3,3,3
294,65.707672,1,9,84.5354853,1,10,373.6907277,2,29,128.8485653,2,8,147.9432964,3,7,88.2679976,1,6,0,1,1,1,1,0,69,19.42385252,8,6,4,3,2
295,33.35111334,1,2,65.53003333,1,6,138.60096,3,5,75.89246,2,10,28.02802,1,3,38.92222,1,5,0,0,0,0,0,1,31,15.85239965,10,6,5,3,3
296,57.53101034,1,1,106.48952,2,4,313.3131923,7,61,89.6426517,2,22,34.77954,1,6,37.581933,1,9,1,1,1,1,1,0,103,18.62031694,7,4,3,2,2
297,34.500272,1,2,50.25047867,2,3,109.600841,3,16,35.833929,1,3,25.5166923,1,3,37.0334684,1,6,1,1,1,1,1,0,33,11.46500124,11,7,4,4,3
298,16.60838533,1,5,21.587532,1,5,61.53784397,1,9,53.835163,1,6,30.593563,1,2,34.586799,1,7,1,1,1,0,0,0,34,11.76846068,7,3,4,2,2
299,36.6975854,1,1,75.1264343,1,3,103.39703,1,6,47.5201103,1,4,67.816698,1,7,55.295892,1,3,1,1,0,1,0,1,24,12.13067355,5,2,2,2,1
300,29.38433997,1,10,26.820659,1,12,65.3777914,1,19,48.163727,1,11,34.46197,2,8,25.188559,1,10,0,1,0,0,1,1,70,13.43967604,8,4,4,3,2
301,72.702,1,1,94.6096667,2,6,174.661,1,9,133.5453334,2,5,77.0946667,1,1,103.8346667,1,3,0,1,0,0,0,0,25,21.33574993,10,7,5,2,2
302,50.51410333,1,5,68.029764,1,9,146.9923893,1,9,69.696176,1,8,60.296493,1,8,51.1639674,1,5,0,1,1,0,0,1,44,14.42117253,9,5,5,3,3
303,139.640889,3,17,49.273948,1,3,220.002396,5,13,50.881186,2,4,76.486344,2,6,47.932277,1,5,0,1,0,1,1,1,48,15.0371255,6,4,3,1,2
304,50.29953433,2,1,26.35814403,1,4,152.1095326,3,21,60.7046257,2,3,49.0993503,2,4,58.6162227,3,3,1,1,0,1,1,0,36,12.65662609,5,3,2,2,2
305,97.853114,2,3,115.567619,3,11,116.8102903,1,4,167.798251,5,32,41.548252,1,9,80.716531,1,9,1,1,0,0,0,0,68,20.59420566,8,6,3,4,3
306,53.16685334,2,4,23.65015103,1,4,66.066925,1,7,37.883873,1,2,33.4000773,1,3,49.316941,1,6,1,1,1,1,1,0,26,11.07254141,8,5,3,4,4
307,55.36443,1,5,86.70377897,1,12,104.8810194,1,10,76.4441136,1,7,47.866997,1,6,57.4138507,1,5,0,0,0,0,0,0,45,17.49540945,10,7,4,3,3
308,51.13074934,2,10,48.76426203,2,6,130.660543,14,26,39.514764,1,6,34.698402,1,5,27.94866,1,4,0,1,0,0,1,1,57,13.95869137,10,6,5,3,3
309,113.198078,4,4,215.1403717,5,11,113.6330243,1,10,102.912207,2,14,42.81737,1,7,55.997112,1,7,1,1,0,0,0,0,53,18.78553303,7,3,4,3,2
310,63.46894,1,7,43.49666003,1,11,110.5736933,2,19,79.8413067,1,17,37.8097534,1,4,47.6935667,1,5,0,1,1,0,1,0,63,15.76641001,7,4,3,2,1
311,52.86433434,1,5,65.28463303,1,8,171.3785653,1,14,81.452081,1,7,57.5758577,1,9,64.4191543,1,6,1,1,0,1,0,1,49,14.53672645,7,5,3,2,3
312,195.7395253,3,11,38.0641403,1,6,155.1744977,1,12,88.849757,1,7,54.820498,1,5,48.417986,1,8,0,1,1,0,0,0,49,17.29877208,8,5,3,3,3
313,42.56453634,1,7,31.948367,1,10,272.1695566,2,58,99.3115144,3,32,37.48142,1,14,51.5473743,1,27,1,1,0,0,0,0,148,29.77224652,5,4,2,1,0
314,35.95873333,1,4,65.2584883,2,4,193.577941,4,9,69.954822,2,3,58.932393,1,3,50.1258224,1,3,1,1,1,1,0,1,26,12.78316892,5,2,2,2,3
315,20.17742433,1,1,102.9702727,2,4,283.7506816,3,8,98.738003,1,2,69.9294767,2,6,90.19036,1,3,0,0,0,0,0,0,24,19.61154394,10,7,4,4,3
316,44.4682093,1,16,50.7365574,2,14,88.267233,1,20,40.0993656,1,4,37.3482637,1,4,61.3902003,2,7,0,1,0,1,0,1,65,14.98582485,7,4,3,2,3
317,65.24485237,1,3,48.544386,1,13,86.6682446,2,21,79.4801424,3,16,46.8982343,1,4,26.0708463,1,5,0,0,1,0,1,1,62,15.41590084,9,7,3,4,3
318,51.43240767,3,3,25.14931167,1,2,138.2462864,3,11,29.065964,1,2,30.4319954,1,2,87.1822133,2,5,1,1,1,1,1,0,25,11.16034394,7,5,4,2,1
319,178.5332263,6,25,318.5431184,10,25,225.934176,4,34,46.47742,1,3,34.6171253,1,5,41.7168767,1,6,0,1,0,1,0,1,98,22.37764684,8,4,5,2,2
320,33.79855066,1,1,44.186757,1,4,255.9656147,4,41,43.0695053,1,18,44.6201547,1,20,44.9369793,1,11,1,1,0,0,0,0,95,20.12808835,9,7,2,4,3
321,43.607326,1,1,90.87783203,1,9,57.8267263,1,5,37.063719,1,1,32.385019,1,2,43.707156,1,3,0,0,1,1,1,0,21,11.80861108,5,2,3,2,1
322,190.202737,7,26,107.1755643,2,12,244.748638,3,8,177.886904,5,8,67.66171,1,3,78.277551,1,4,0,0,1,1,0,0,61,20.62344735,7,4,2,3,2
323,69.1639014,1,1,38.465132,1,7,53.1145446,1,12,38.548458,1,3,28.432196,1,2,60.9520907,2,9,0,1,1,1,1,1,34,11.16842614,7,3,4,2,1
324,37.06702433,1,9,42.484005,1,9,97.63467997,2,16,60.017515,1,7,32.017014,1,5,46.117367,1,7,1,1,0,0,0,0,53,14.50195371,9,5,5,3,3
325,147.201346,3,54,35.0119566,1,11,51.6804077,1,19,75.753433,2,26,46.554019,1,15,71.0787383,1,21,1,0,0,0,0,0,146,26.37936836,9,6,4,3,3
326,19.299688,1,3,37.64939334,2,6,46.49925133,1,11,101.34836,3,8,22.849632,1,3,33.7828013,2,7,0,1,1,0,1,1,38,11.78798823,6,2,4,2,1
327,280.8284244,8,58,57.6681647,1,10,166.7769636,3,20,117.643271,2,5,56.0397924,1,2,96.5976333,1,5,1,1,1,1,1,0,100,20.38814672,6,5,3,1,1
328,24.21720766,1,1,33.134163,1,2,61.13494537,1,2,52.3680183,1,4,47.2178477,1,2,33.7841223,1,2,1,1,0,0,0,1,13,10.64181137,8,4,4,3,2
329,34.0195,1,7,33.4040667,1,10,170.7845266,3,36,69.8166334,2,8,100.64088,4,6,58.2054533,1,4,1,1,0,0,1,0,71,16.58892647,4,3,2,1,1
330,25.81874334,1,2,39.28607833,2,5,71.4399777,1,8,26.701973,1,4,23.118107,1,3,33.236005,1,4,1,1,1,1,1,1,26,9.693081204,5,3,2,2,1
331,21.64232834,1,1,138.6846763,3,9,186.302464,5,22,46.980862,1,6,38.3506413,1,5,34.069248,1,6,1,1,1,0,1,1,49,13.79873023,6,4,2,2,3
332,194.3069767,3,28,60.346999,1,4,203.9565163,2,15,156.075746,2,7,124.093864,1,6,105.8447444,3,8,0,1,0,0,0,0,68,22.1213022,5,3,2,1,2
333,35.05373133,1,1,86.74268867,2,3,123.8997407,1,25,91.888861,1,10,47.5691356,1,5,59.935289,1,4,1,1,0,0,0,1,48,16.4035449,8,5,4,2,2
334,51.97279167,1,5,44.94978063,1,6,191.91785,1,26,106.212714,1,7,56.3367864,1,4,34.011613,1,5,0,1,0,0,0,1,53,21.24172655,3,2,2,0,1
335,27.12722,1,6,73.9358323,1,22,68.6773844,1,15,56.541173,1,3,47.9605686,2,5,36.0414234,1,5,1,1,1,1,1,1,56,12.40623826,8,4,5,1,2
336,188.4017734,8,11,55.8771133,1,2,109.6704,1,4,46.3085933,1,2,123.87304,2,10,165.6685267,6,25,1,0,0,1,0,1,54,19.29161561,8,5,4,3,2
337,72.230366,1,7,52.05246297,1,33,85.0106984,1,13,98.406695,2,17,41.755536,1,5,31.1082233,1,5,0,0,0,0,0,1,80,17.42303791,10,6,5,3,3
338,21.820166,1,1,66.886457,2,9,117.612879,2,24,21.788132,1,2,19.908946,1,13,53.94884,2,9,1,1,1,1,0,1,58,13.24523131,10,7,4,3,3
339,48.82253903,1,5,45.1006746,1,4,104.8212437,1,11,53.651172,1,7,46.3918353,1,4,56.0994974,1,6,1,1,1,1,1,1,37,11.67239937,7,4,4,2,3
340,224.5910213,3,5,165.876702,3,10,110.078934,1,9,58.0643454,1,2,36.5318733,1,3,100.8293027,2,7,1,0,0,0,1,0,36,16.33616111,9,6,4,3,2
341,71.8496317,1,12,31.9202786,1,5,78.6248927,1,12,73.0150173,1,3,51.9011887,2,7,32.5196827,1,6,0,1,0,0,1,1,45,14.56676998,8,5,3,3,2
342,31.23428667,1,2,187.5348534,6,11,161.20586,2,15,87.81962,1,11,38.0874267,1,6,67.1981666,3,9,1,0,0,0,0,1,54,19.75885645,7,3,4,2,3
343,63.47804,1,3,50.6516267,1,2,114.8736333,1,2,84.3277067,1,6,69.7563666,1,3,56.1575534,1,12,1,1,0,0,0,0,28,14.80300349,11,7,5,4,3
344,76.716753,2,8,40.04992537,1,6,66.6999793,1,11,64.6333593,1,6,44.150021,2,6,48.4665904,1,6,0,1,1,0,1,1,43,12.70002157,7,3,3,2,2
345,71.40009097,3,5,231.750618,4,19,78.166768,1,13,141.816896,2,10,54.133588,1,2,194.936329,4,31,1,1,0,0,0,1,80,19.76771931,10,7,4,4,3
346,44.3506364,1,2,61.4614633,2,14,82.4542413,1,12,23.5917107,1,2,20.5427737,1,4,51.2312186,1,8,0,1,1,1,1,0,42,12.40664813,6,3,4,1,2
347,89.44954437,1,9,101.002655,1,10,65.1893546,1,9,34.9624167,1,5,270.299182,5,42,58.504876,1,13,0,0,0,0,0,0,88,32.16828173,4,2,2,1,1
348,242.7244317,3,33,103.4560197,3,32,201.8315546,5,85,18.5724104,1,9,49.6706266,2,17,32.6641384,1,10,0,0,0,1,0,0,186,32.88088712,5,3,2,3,2
349,67.82228333,3,4,47.8610003,1,7,88.9393884,2,5,33.4800616,1,2,26.7133937,1,3,67.924861,2,4,1,0,1,1,1,0,25,11.67948747,5,3,2,2,2
350,116.7398646,1,5,46.1988176,1,7,134.1143356,1,25,136.4180457,2,5,59.941499,1,4,211.292189,3,18,0,1,0,1,0,0,64,20.84486842,6,4,2,3,2
351,53.997281,2,10,25.8813056,1,6,75.948188,1,9,36.3304277,1,5,36.8648077,1,2,108.2609373,2,9,1,1,0,1,0,1,41,12.54434476,7,4,3,2,3
352,184.41132,3,11,68.1981733,2,3,255.5587467,5,13,173.8784933,6,18,77.5137334,2,5,32.93254,1,5,1,1,1,1,1,1,55,16.9975717,7,5,3,2,3
353,276.037733,1,10,70.5768846,1,5,169.4144937,1,11,63.274122,1,4,106.907017,1,5,53.437245,1,5,0,1,0,1,0,1,40,16.84331613,6,3,3,2,3
354,80.198994,1,6,58.05701637,1,7,139.1378683,1,11,59.155786,1,2,134.4736713,3,13,65.4391737,1,8,0,1,0,0,0,0,47,16.90520452,8,4,4,2,3
355,27.41065234,1,1,195.6952496,7,24,101.5513584,1,2,89.038869,2,6,38.521803,1,2,60.660536,2,5,1,0,1,0,1,1,40,14.33664901,9,6,3,4,3
356,83.19501803,1,10,52.9633733,1,6,73.3124483,1,11,44.2972424,1,5,63.7961993,2,7,47.580572,1,6,0,1,1,1,1,1,45,13.21760551,5,3,3,1,2
357,188.1419633,3,10,72.083404,1,5,122.3065203,1,5,86.230951,2,3,65.635534,1,3,58.220471,1,3,1,0,0,1,0,0,29,15.22872211,7,4,3,3,3
358,219.787517,8,54,83.0428746,1,13,115.6429224,1,15,88.693486,1,35,48.2766603,1,2,264.0404257,1,41,0,0,0,0,0,0,160,33.41149727,7,5,2,3,2
359,80.607747,2,12,67.958201,1,13,176.1618023,1,15,147.008321,1,14,49.041862,1,2,74.8443763,1,6,0,0,0,0,0,1,62,23.49401823,2,1,1,1,1
360,22.301747,1,2,23.46848,1,3,52.404083,2,9,23.301816,1,2,26.218693,1,5,30.302351,2,7,0,1,1,1,1,1,28,9.732895554,10,7,5,3,2
361,27.44367533,1,3,49.801456,1,4,87.082304,2,6,85.7487103,2,9,38.531163,1,2,80.2296814,1,8,1,0,0,0,1,0,32,13.89074228,10,6,5,2,3
362,33.69983634,1,7,32.23313203,1,5,69.8327593,1,7,65.899048,1,6,107.148493,1,4,59.015771,1,4,1,1,1,0,0,1,33,12.9862453,6,4,2,2,3
363,62.654624,1,10,43.0988257,1,13,248.3113976,3,34,50.4166957,1,4,46.4558947,1,4,140.1705557,3,13,0,1,0,1,0,0,78,19.49126992,10,6,4,3,3
364,63.377448,1,2,53.67188603,1,3,196.5412316,2,13,56.0192434,1,2,66.590592,2,3,56.452126,1,3,0,1,0,1,1,1,26,13.12432965,4,3,0,3,3
365,55.62247463,1,7,66.03733,1,4,150.2382024,1,5,71.219818,1,3,131.6913996,2,5,78.201635,1,3,1,1,1,1,0,0,27,13.9273125,8,4,5,2,2
366,48.393887,2,2,71.70676397,2,6,426.657218,6,39,50.5595534,1,5,28.86265,1,3,115.600607,2,16,1,1,0,0,1,0,71,18.92271558,9,5,5,2,3
367,141.63126,2,22,66.346602,1,7,303.6370533,2,23,70.398447,1,9,59.109991,1,22,65.562914,1,22,0,1,0,0,0,0,105,22.10147107,7,5,2,3,2
368,42.09751467,1,7,47.5493473,1,10,104.6183367,1,17,37.8126823,1,3,64.271638,2,7,111.6602597,1,15,0,0,0,1,0,0,59,17.35715225,8,5,5,1,1
369,222.4269527,12,130,49.99806,1,10,159.071594,2,27,44.618697,1,5,65.304009,1,3,92.9178446,1,7,0,1,1,1,0,0,182,24.84673692,6,3,3,1,2
370,44.05522,1,8,39.06918,1,5,141.71748,2,8,64.78794,1,2,38.4788,1,2,44.1525,1,4,1,1,0,1,1,1,29,11.50918765,9,5,5,3,3
371,65.31396733,3,1,74.19694437,2,3,81.2965673,1,3,54.297715,1,3,39.9316273,1,4,41.514914,1,4,1,1,1,0,0,1,18,11.16163014,11,7,5,3,2
372,179.36272,3,12,60.637582,1,4,121.9582303,1,5,83.5227563,1,2,50.53683,1,2,73.271572,1,3,1,1,1,1,1,0,28,13.82697083,8,6,3,4,3
373,36.6353703,1,1,44.633813,1,4,71.1835144,1,7,47.756306,1,4,50.812041,1,4,40.709714,1,5,0,1,0,0,1,0,25,11.92116292,10,6,5,3,3
374,97.35005997,1,6,89.75142,1,8,231.21244,1,19,113.84824,1,39,106.0984,2,8,78.1654534,1,10,0,0,0,0,1,0,90,24.94118355,6,4,2,1,2
375,114.3282523,13,16,79.6627043,1,17,150.226105,1,17,45.2978947,1,17,56.5135787,2,5,60.7793173,2,15,1,0,0,0,1,0,87,20.66342707,10,7,4,4,3
376,121.007701,2,8,39.426898,1,4,155.524087,2,14,44.726061,1,4,63.8759213,1,3,58.807066,1,4,0,1,1,1,1,1,37,13.23073034,9,5,5,2,3
377,45.23131333,1,1,60.99697337,1,3,124.7605666,1,23,48.6476534,1,4,62.5472466,2,3,63.16336,1,5,1,0,0,1,1,0,39,13.87522065,9,6,4,3,3
378,116.4643624,4,13,46.512604,1,11,96.2047913,2,25,62.556271,1,9,32.080187,1,4,65.307041,2,7,0,1,0,0,0,1,69,18.23647539,5,3,2,1,2
379,59.1633953,1,6,46.214369,1,3,142.9097177,1,9,52.764181,1,2,38.1148647,1,2,43.5145,1,2,1,1,0,1,1,1,24,11.94072061,9,5,5,1,2
380,89.17853403,2,7,49.684608,2,5,106.112285,2,10,118.7844073,1,4,70.181119,2,6,81.7697783,1,5,1,1,1,1,1,1,37,13.22411066,3,2,1,1,1
381,114.2669246,4,8,314.9243344,9,17,87.1238143,1,3,64.044106,1,3,89.922095,1,8,45.010726,1,2,0,1,0,0,0,0,41,17.14761769,4,3,3,0,1
382,302.106511,0,8,79.1728783,1,10,230.2378277,1,38,76.157243,1,17,61.312327,1,12,50.732617,1,10,1,1,0,0,0,1,95,24.93582259,4,3,2,0,1
383,252.1520033,2,36,95.023443,1,10,364.9342643,6,33,49.4609,1,7,45.945786,1,6,52.543057,1,6,0,0,0,1,0,0,98,23.78974466,10,6,5,3,1
384,23.63135,1,4,29.527175,1,10,67.6639083,1,15,29.374394,1,9,26.013419,1,6,32.054833,1,10,0,1,0,1,1,1,54,11.77738627,7,3,4,2,2
385,478.9316667,6,72,32.379477,1,6,66.1534343,1,15,34.039426,1,7,25.9256863,1,10,43.297626,1,10,1,1,1,1,0,0,120,21.17669851,6,2,4,1,2
386,69.1978793,1,8,44.736807,1,3,48.2717604,1,30,45.7538803,1,12,74.8504823,3,11,36.649831,1,6,0,1,0,0,0,0,70,18.45151888,11,7,5,4,3
387,30.04881266,1,3,57.94713537,2,7,60.6304503,1,9,72.863283,2,7,39.998102,2,4,32.58182,1,6,1,0,1,1,1,0,36,11.66169192,10,6,5,3,3
388,38.94755233,1,18,125.3813347,7,27,68.5773273,1,15,49.0366807,1,17,24.127907,1,6,72.04982,2,18,0,0,1,0,1,0,101,19.00488699,8,6,2,3,3
389,73.81305333,2,19,53.64404,1,12,160.24156,2,20,112.3378333,2,9,86.2936134,1,7,113.72172,4,13,0,0,1,0,0,0,80,21.13417926,9,6,3,4,3
390,49.51864233,1,8,82.16411997,1,30,42.0678574,1,30,19.6973743,1,12,18.828683,1,12,16.3058613,1,10,0,0,0,0,0,0,102,23.20026957,9,6,3,3,2
391,56.616531,2,2,137.5024336,7,18,91.3840307,3,28,49.374345,2,17,28.9352293,1,12,25.4725107,1,12,1,1,1,1,0,0,89,16.30589501,8,4,3,3,3
392,139.205063,2,8,141.5042486,2,13,127.0749094,1,10,63.2373403,1,4,64.837051,1,5,69.3029,1,2,0,0,1,0,0,1,42,16.62431755,1,1,0,0,1
393,32.69736,1,3,36.14301333,1,5,64.48756,1,9,57.52648,1,4,47.1075867,2,5,38.5258333,1,7,0,1,1,0,1,0,33,11.94559702,8,6,2,4,3
394,68.25006333,1,7,48.530957,1,5,162.4420597,2,8,56.538502,1,2,85.683781,2,4,86.651327,1,5,0,0,1,1,0,0,31,16.28850484,8,6,4,1,2
395,60.5613333,1,5,33.2728577,1,8,207.2721167,3,38,32.5727556,1,4,40.174109,1,3,81.4985827,1,7,0,1,0,1,1,0,65,18.50025459,9,5,4,3,2
396,35.01527667,1,2,86.25477833,2,10,250.2948487,5,35,111.0495416,2,21,46.6872157,1,3,44.486385,1,8,1,1,1,0,0,0,79,18.90740891,8,5,4,2,3
397,32.8144404,1,3,39.4807953,1,7,52.1802833,1,11,79.712241,3,3,53.7134914,3,5,44.897341,1,14,1,1,1,1,1,0,43,12.33416866,8,4,5,3,2
398,84.821674,1,3,93.45752,1,27,84.523489,1,20,19.521906,1,4,49.896604,2,7,75.769037,3,11,0,0,0,1,0,0,72,19.1095635,9,6,4,3,2
399,141.83652,3,23,59.8130067,2,6,77.6458,1,8,32.63126,1,2,46.4303933,1,4,68.06166,1,7,1,1,0,1,0,0,50,14.91187834,5,4,3,0,1
400,32.86648137,1,7,27.833283,1,5,63.433169,1,5,101.716419,1,18,61.23317,1,3,106.966324,2,19,1,1,0,0,0,0,57,17.09990305,6,4,3,2,2
401,852.5366623,4,46,92.314214,1,10,142.7083,2,31,123.879003,2,15,49.961266,1,5,169.778262,3,15,1,1,0,1,0,0,122,29.97404845,6,4,2,2,3
402,121.58549,1,2,65.0657264,1,5,106.3151486,1,8,57.0990684,1,6,63.9824306,1,7,114.1034297,1,9,0,1,1,0,0,0,37,15.57491577,10,6,4,3,4
403,38.872121,1,9,20.77067097,1,11,107.7739274,2,17,35.3854,1,3,53.136258,1,4,36.252823,1,16,0,1,0,1,0,1,60,13.27347144,6,4,3,2,2
404,61.4706,1,14,79.5502,2,25,221.70402,3,41,31.9933733,1,8,76.59088,3,11,46.7903334,1,11,0,0,0,1,1,0,110,20.58825423,2,2,0,1,1
405,24.42098866,1,3,37.473303,1,4,219.005186,4,28,67.3455717,2,8,74.4801873,2,10,116.3374544,2,14,0,1,1,1,1,0,67,15.92498903,7,5,3,2,2
406,52.03975933,1,1,112.311194,2,5,251.9172043,1,19,61.5378244,1,3,60.971357,1,3,182.2303993,3,10,1,1,0,0,0,0,41,21.82365118,10,7,4,4,3
407,42.81644633,2,8,54.837739,2,13,63.7911437,1,20,134.118353,5,43,26.4602143,1,6,59.656228,1,53,1,1,0,0,1,0,143,25.43689599,10,6,5,3,3
408,322.6458617,2,14,81.6642263,1,6,401.0024953,3,22,210.65916,2,16,269.214023,6,47,63.620008,1,4,0,1,0,0,0,1,109,27.90470398,9,5,5,3,2
409,25.761082,1,8,36.80621603,1,14,170.1330833,4,41,26.2614633,1,8,48.5854804,2,15,48.135171,1,12,1,0,0,1,0,0,98,17.6485268,8,5,5,2,2
410,55.0500063,1,2,71.6449043,1,15,112.8251594,1,19,30.193555,1,12,21.343496,1,15,53.7381993,2,20,1,0,0,0,0,0,83,20.28922002,10,6,5,3,3
411,49.9795697,1,5,72.5946273,2,5,134.4068643,2,12,36.514004,1,3,89.526701,3,8,82.1772604,2,8,0,1,0,1,0,0,41,17.60272631,8,5,4,2,3
412,69.638802,2,6,57.0479903,1,6,316.4596606,3,14,200.5380353,3,6,64.337157,1,5,104.1843213,1,7,1,0,0,0,0,0,44,22.56871765,6,4,1,3,3
413,67.1665103,1,4,157.2726764,2,10,598.7238243,3,21,231.578472,3,24,55.839033,1,2,126.072548,1,9,0,1,0,0,1,0,70,26.18568187,7,4,3,2,1
414,30.02666834,1,8,37.28482033,1,7,126.5311026,3,61,32.0207663,1,10,35.624313,1,12,37.809206,1,10,1,1,0,1,0,0,108,22.17876762,4,3,1,1,1
415,28.57993433,1,2,46.644485,1,4,237.955389,2,37,168.5800344,2,15,135.533846,2,13,45.3279523,1,6,1,1,0,0,0,1,77,19.80131558,7,5,4,2,0
416,23.90539834,1,1,73.81254103,2,3,82.4797073,1,6,54.465238,1,2,47.062351,1,3,42.271292,1,4,1,1,1,1,1,1,19,10.27143056,8,4,4,3,3
417,110.157875,1,10,61.1354817,1,10,108.7871743,1,8,69.302484,3,5,39.2847217,1,3,62.5688696,1,6,0,0,0,1,1,0,42,15.45785182,6,4,2,1,2
418,76.396852,2,17,70.8630962,1,12,164.9259872,3,23,35.1814918,1,2,82.3456896,3,4,26.3996133,1,2,1,1,1,1,1,1,60,14.0583672,5,4,1,2,2
419,51.63724833,1,3,34.28552837,1,4,136.726225,2,10,167.311208,3,9,69.5548623,1,4,82.3056663,1,5,0,1,0,1,0,0,35,15.5842588,6,4,2,1,2
420,171.459945,4,41,57.2859064,1,13,78.393229,1,8,70.5212306,1,6,50.147785,1,4,58.9202117,1,7,0,0,1,0,0,0,79,20.4575243,4,1,3,1,1
421,93.806156,1,1,101.2727103,2,4,101.7045157,1,5,65.4277953,1,5,80.9968864,2,6,51.7762316,1,1,0,1,1,0,1,1,22,12.74239315,8,5,3,2,3
422,261.83093,4,90,43.5030266,1,6,60.1743454,1,4,38.45303,1,2,68.418438,1,3,101.9138136,4,8,0,1,1,1,0,0,113,21.63294689,6,3,3,2,2
423,42.1797067,1,6,74.00588,1,11,405.53838,5,37,91.0270533,1,9,131.79976,1,8,64.0995,1,14,1,0,0,0,0,0,85,23.45321277,5,4,1,3,3
424,36.82171934,1,2,122.5104336,3,7,144.3336257,4,46,52.349317,1,14,34.6385063,1,16,25.225128,1,13,1,1,0,0,0,1,98,19.50405826,8,5,4,1,1
425,63.14463203,1,9,53.2149123,1,2,134.2701437,1,2,137.323649,2,16,88.5514306,1,3,67.093418,1,1,0,1,0,1,1,1,33,14.84149821,8,5,4,2,3
426,73.37768463,1,6,40.081941,1,10,65.775032,1,16,36.914119,1,9,53.853929,2,12,33.312628,1,7,1,1,1,1,1,1,60,12.58409853,6,3,3,2,1
427,61.83175067,1,12,63.3489527,2,5,93.1317893,1,9,28.44951,1,2,31.9827713,1,2,86.8317906,1,4,0,0,0,1,0,0,34,17.4873299,5,3,2,2,2
428,735.2278497,3,194,82.219696,1,21,104.697793,1,18,45.592144,1,7,40.223542,1,5,50.408853,1,9,0,0,0,0,1,0,254,41.95411902,8,5,4,2,3
429,41.05918134,1,5,42.91580003,2,6,171.2948223,3,17,44.7720853,1,2,26.659352,1,2,39.570783,1,7,1,1,1,1,1,0,39,12.22347696,9,6,4,3,3
430,31.47966666,1,2,72.02199997,3,9,212.3746667,4,32,34.868,1,4,24.619,1,3,62.348,2,9,1,1,1,0,1,1,59,14.13822926,8,4,5,2,2
431,44.39997437,1,3,64.385536,1,3,247.9585986,2,14,86.219693,1,3,50.46848,1,3,128.9878564,1,2,1,1,1,1,1,1,28,13.70223753,7,5,3,2,3
432,113.7115923,1,21,72.680141,1,14,310.5036713,5,71,151.9604144,2,11,93.062913,1,10,37.798463,1,4,0,0,1,0,0,1,131,24.87724333,7,4,4,1,2
433,30.596986,1,4,49.5620457,1,4,111.1183353,1,13,30.4308283,1,1,35.3631677,1,3,41.245708,1,3,1,0,0,1,0,0,28,16.78941648,8,5,5,1,1
434,47.7350897,2,2,107.144449,3,5,64.7880656,1,3,31.9679974,1,2,34.8344693,1,2,57.279333,2,4,1,1,1,1,1,1,18,10.40074314,9,6,3,3,3
435,53.160698,1,2,73.39531763,1,4,85.0499594,3,24,60.673984,1,11,37.0158456,1,6,26.7902304,1,7,0,0,1,0,0,1,54,14.76341878,8,4,4,2,2
436,73.79065997,2,7,47.4819,2,3,63.54256,1,16,88.7828534,2,16,57.5890333,3,20,23.72456,1,14,0,1,0,1,1,0,76,15.65570942,5,3,2,2,1
437,43.633876,1,16,28.033756,1,13,123.884846,2,19,38.733869,1,5,24.500248,1,3,35.767132,1,4,1,1,0,0,1,0,60,13.93362978,10,6,5,3,2
438,17.918,1,2,34.76066666,1,3,124.0443334,3,17,39.3913333,1,3,53.4806667,1,4,59.497,1,7,1,1,0,0,0,0,36,13.59301485,9,6,4,2,2
439,21.42541334,1,1,74.74446003,2,8,78.0709133,1,10,140.8072067,2,15,32.26592,1,4,32.60036,1,8,1,1,0,1,1,0,46,13.10270026,7,5,2,2,3
440,139.553465,1,35,39.215539,1,8,97.9057574,1,10,49.727401,1,6,65.736874,1,5,56.591122,1,5,0,1,0,0,0,0,69,18.36277799,10,6,4,4,3
441,100.8606987,2,30,35.4084363,1,6,93.8028994,1,10,62.6281026,1,6,38.8894744,1,3,88.3076956,3,11,1,1,0,0,0,1,66,16.46669557,5,3,1,1,2
442,58.79269833,1,1,46.31667537,1,9,115.5141663,1,10,50.324787,1,4,58.7894837,1,5,59.176472,1,6,0,1,1,1,1,1,35,12.03750663,7,4,3,2,2
443,89.73619,4,7,126.2207053,3,24,224.623946,3,23,122.02067,5,14,48.268271,1,3,127.904152,4,11,1,1,1,0,0,0,82,20.52375793,9,7,2,3,4
444,154.2093964,5,6,124.160819,4,13,210.5071273,4,32,68.396581,1,5,124.177484,4,11,35.998336,1,4,1,1,0,0,1,1,71,18.36927634,6,4,2,2,1
445,167.4806037,1,7,66.822144,1,9,224.9560753,1,12,205.131061,4,12,56.576431,1,2,110.6895617,3,9,0,1,0,1,0,1,51,21.1138633,9,5,5,2,3
446,107.5564784,2,4,125.1572556,4,10,213.6486897,2,20,57.7227913,2,18,45.728027,2,4,39.2814974,1,5,0,1,1,1,1,1,61,16.04008362,4,3,1,3,3
447,71.455,2,10,104.716,2,6,239.7973334,2,28,96.299,1,9,84.332,1,5,57.315,1,4,1,1,0,0,0,1,62,19.27622401,9,5,5,2,2
448,412.6162066,12,9,242.0222154,4,17,515.0267723,5,13,359.933545,4,11,66.396817,1,3,119.044704,1,7,1,1,1,1,1,0,60,26.84251757,7,5,2,3,3
449,55.1615987,2,2,100.4455343,3,16,199.939637,3,31,18.537399,1,7,23.9100353,1,12,44.6664764,1,10,1,1,0,0,0,0,78,17.89963226,6,4,2,3,2
450,53.56673697,1,18,27.100036,1,12,172.433441,2,24,80.633383,2,5,40.250021,1,2,63.350041,2,5,1,1,0,0,0,0,66,20.61845218,11,7,5,4,3
451,368.407706,7,41,31.6248534,1,4,109.115839,2,17,38.6285033,1,2,47.938837,1,4,77.925654,2,7,1,1,1,1,0,1,75,17.71366176,7,4,3,2,3
452,100.4386267,1,19,131.34458,2,39,115.72994,1,8,491.25964,4,61,80.977,1,5,343.624947,3,29,1,0,1,0,0,0,161,31.86004824,5,3,4,0,1
453,126.6918744,3,12,70.7439313,3,16,242.5158663,4,56,121.829256,4,28,40.0343,1,5,92.979642,2,13,1,1,1,0,1,0,130,21.44714134,8,6,3,3,3
454,117.054603,1,15,212.216747,1,13,450.8381907,3,41,188.0600463,3,16,44.467829,1,6,99.05777,1,8,0,1,0,0,0,0,99,29.30640682,6,3,5,0,0
455,200.9285853,4,57,25.5894606,1,11,144.100064,4,41,32.316584,1,7,78.6368473,3,9,29.593626,1,10,1,1,1,1,1,1,135,19.18504942,8,5,2,3,3
456,27.85067334,1,1,101.3357933,2,5,72.6191267,1,6,74.6693666,2,6,40.0176334,1,3,46.2178,1,3,0,0,0,1,0,1,24,12.38539701,11,7,5,3,3
457,43.772534,2,3,57.04173867,2,13,166.6512907,4,53,53.6850436,1,15,23.3657494,1,5,22.4966723,1,5,1,1,0,0,1,1,94,17.35341506,8,5,5,2,0
458,52.91373834,2,5,76.68105703,2,5,97.7103036,1,4,43.9564267,1,2,36.9912227,1,2,148.86341,3,9,1,1,1,1,1,0,27,12.36470714,7,4,3,2,3
459,58.64276467,1,12,66.6297817,1,12,457.858171,4,71,176.3315883,2,15,109.403632,1,11,91.158473,1,14,0,0,0,0,0,0,135,29.88951121,3,2,1,1,1
460,88.6015347,2,7,58.1255483,1,5,123.8946087,1,7,62.429267,1,3,50.1465297,1,4,108.586495,1,6,1,1,1,1,1,0,32,13.32424924,7,5,2,2,2
461,31.18208733,1,8,41.49834137,1,12,143.5109273,1,33,41.065024,1,13,50.481314,1,11,46.464808,1,13,1,1,0,0,0,0,90,23.19901243,3,2,1,1,2
462,55.02627663,1,5,70.5289884,1,16,118.709649,1,9,113.6421556,1,6,54.5430564,1,4,92.982764,2,5,0,0,1,0,1,1,45,14.25249565,10,7,4,3,3
463,469.2750747,3,57,620.907184,7,124,262.061457,2,32,115.860821,1,14,168.909438,3,48,90.10292,1,8,0,0,0,1,0,0,283,47.95269523,5,4,2,1,2
464,53.54754067,3,9,30.581918,1,4,335.8015237,10,29,50.297729,1,4,46.61455,1,2,68.7636293,2,8,1,1,1,1,1,1,56,15.0627004,6,3,3,2,3
465,56.61411167,2,6,54.1140417,2,12,226.322565,6,25,80.1963253,2,6,57.9802903,2,3,160.9590984,3,6,1,1,1,0,1,1,58,16.94799189,5,3,2,2,0
466,62.517913,1,1,151.5696807,2,7,194.2038727,1,6,131.7692973,2,7,56.7177977,1,3,58.10116,1,5,1,0,0,0,1,1,29,14.87340221,11,7,5,4,3
