id_estudiante,t1,t2,t3,t4,t5,t6,r1,r2,r3,r4,r5,r6,p1,p2,p3,p4,p5,p6,op1,op2,op3,op4,op5,op6,score_a,score_p,score_d,score_s
0,64.3013103,251.0564093,224.745993,59.952302,180.2234557,105.741338,1,3,1,1,5,1,4,10,19,5,13,5,1,1,0,1,1,0,5,4,2,3
1,97.17089997,93.27364,108.99154,38.2730334,62.5489466,47.40264,2,2,1,1,1,2,5,9,18,3,7,4,0,0,0,1,0,1,4,4,2,3
2,85.59673437,217.0711803,150.40652,96.7101003,59.137248,102.937465,1,7,1,1,1,2,8,16,11,5,2,7,1,1,0,0,0,1,5,4,3,2
3,57.77616303,97.665937,187.0636336,69.7781864,44.290579,78.262694,1,1,2,2,1,1,2,4,11,6,4,8,0,0,0,0,1,0,3,3,1,2
4,32.51981634,57.51439663,75.5684387,54.644516,91.402663,148.266473,1,2,1,1,2,4,3,5,8,3,6,20,1,1,1,0,1,1,6,4,3,3
5,171.8334483,119.11679,250.1836323,76.616859,61.200057,58.6167887,3,2,3,2,3,2,17,10,20,5,4,5,0,1,1,1,1,1,6,4,3,3
6,124.229255,48.252944,79.1230763,115.836988,34.416659,36.963991,3,1,1,3,1,1,47,11,11,27,14,12,1,1,0,1,0,0,4,4,3,3
7,61.88488797,54.659338,83.578779,94.583914,60.303409,99.012441,1,1,1,2,1,3,7,12,14,15,13,20,1,0,1,1,0,0,4,2,2,1
8,18.63171766,30.9841,61.76179833,40.0009877,35.867928,35.517905,1,1,1,2,1,1,8,10,20,17,15,14,1,1,0,1,0,0,3,2,1,2
9,381.6505967,75.3470066,113.8203494,50.553369,66.6491093,110.537645,9,1,1,1,2,2,28,11,7,3,4,7,1,1,1,1,1,1,2,2,0,0
10,21.24801433,26.693425,84.05994337,159.627102,35.235706,61.5456033,1,1,1,2,1,1,15,11,15,12,7,9,1,1,0,0,0,0,3,1,3,1
11,575.0314327,64.29117,109.8668457,116.0161466,41.9432277,123.963937,9,1,1,2,1,2,70,12,30,16,14,28,1,0,0,1,0,0,4,2,1,3
12,272.8887,81.58826,260.14092,298.24178,42.71764,278.4803397,14,1,3,5,1,4,27,6,26,16,3,10,0,1,1,1,1,0,4,4,1,1
13,340.44118,125.31038,506.7894337,96.68876,61.97278,71.04678,3,1,6,1,1,1,10,11,49,5,3,4,0,0,0,0,0,1,3,1,1,2
14,45.5,92.78158,212.2371533,124.16398,99.32442,159.7654334,1,2,2,2,3,2,5,5,10,8,5,3,1,1,1,0,0,1,3,1,1,3
15,86.54676734,118.568193,231.2325827,41.481367,48.23644,83.6284203,1,3,2,1,1,2,5,15,13,4,3,7,0,1,1,1,1,1,1,1,1,1
16,136.3213933,73.339819,92.0411724,83.3649,47.5944283,40.816506,1,1,1,3,1,1,7,7,21,20,6,5,1,1,0,1,0,1,5,4,2,2
17,215.56075,49.549121,199.3655063,140.041638,164.057281,108.857049,11,1,1,2,2,2,35,2,8,8,8,4,0,1,0,0,0,1,7,5,4,3
18,171.194972,118.9880163,391.4834743,122.3484917,68.4554033,50.8121643,1,1,2,1,1,1,6,7,25,12,9,5,1,0,0,0,0,1,7,4,4,3
19,123.0358386,133.7649217,463.622319,56.5305247,39.3418743,85.0450717,1,3,9,1,1,9,6,10,34,4,3,3,0,1,0,0,0,1,5,3,2,3
20,235.695726,817.6501387,403.422115,190.454699,58.761676,37.364933,11,24,9,6,1,1,17,56,54,26,11,9,1,0,1,0,0,1,3,2,1,1
21,46.11378537,36.897676,109.8766143,125.408891,71.995638,119.359238,1,1,1,2,1,3,3,5,3,4,2,7,1,1,0,0,0,0,7,4,4,3
22,14.9474633,312.4427027,46.2097737,37.3850383,28.9605363,80.8594437,1,3,1,1,1,1,4,41,14,6,4,19,0,0,0,0,0,0,2,2,1,2
23,119.9348037,34.834133,92.657409,91.290563,176.6565863,27.22659,5,1,2,1,9,1,11,8,18,8,24,9,1,0,1,0,1,1,6,5,3,3
24,27.155248,112.265106,150.5813286,89.8655024,117.431759,75.165521,1,3,1,1,1,1,3,17,7,2,3,10,1,1,0,0,0,0,4,1,1,1
25,38.585319,71.322821,169.768669,41.484166,53.746184,51.130519,1,2,3,1,3,2,4,6,17,6,9,10,1,1,1,1,1,1,3,4,2,3
26,127.0773354,174.152848,267.32088,41.864647,90.512087,40.681259,5,2,3,1,2,1,6,6,8,1,2,1,1,1,0,1,0,1,5,3,3,2
27,116.1027554,156.187434,269.4219846,68.8646,95.92676,126.740691,1,1,2,1,1,1,9,10,13,2,4,6,0,0,0,1,0,0,6,5,3,2
28,56.62793733,146.886654,454.584083,53.520558,110.713293,69.671415,1,2,5,1,4,1,1,3,16,2,3,3,1,1,1,1,0,0,3,1,1,2
29,76.4474687,41.3060733,71.464376,46.454698,18.911744,26.0434204,2,1,1,1,1,1,16,12,25,19,12,9,0,1,0,0,0,0,2,0,2,1
30,159.068167,141.07189,186.3536664,59.631663,136.876455,184.771876,5,5,1,1,4,3,12,14,4,7,17,12,1,1,0,1,1,0,5,4,2,2
31,83.36741,144.429497,410.670855,97.325833,117.374262,177.825275,2,3,4,1,1,2,6,5,16,2,2,4,1,1,0,0,0,0,5,3,3,3
32,62.86581333,67.64620663,366.8132667,123.7235067,49.5364334,69.83778,2,1,5,1,1,1,4,9,50,23,10,17,0,0,1,0,0,0,5,3,2,2
33,39.85278434,43.73617533,125.6755443,91.8229254,52.703513,53.420687,1,1,1,1,1,2,2,3,10,7,4,6,1,1,0,0,0,1,3,2,0,1
34,55.37630667,323.24244,289.49238,66.0659866,44.6612934,57.6599666,1,6,2,1,1,1,1,16,3,2,2,2,1,1,0,1,1,1,7,4,4,3
35,51.39773737,52.747331,150.9930653,113.931787,46.41435,41.747693,1,1,2,1,1,1,7,10,23,15,5,5,1,1,0,0,0,1,7,4,4,3
36,78.2128483,63.93029,150.8929727,64.780263,62.38036,64.396958,2,2,3,1,1,1,20,20,17,4,4,13,0,1,1,0,0,0,4,1,4,3
37,130.7442444,60.809259,271.9986143,57.7896583,43.375656,94.508802,1,1,4,1,1,4,6,10,32,12,12,18,0,0,0,0,0,0,6,5,3,2
38,61.919918,133.305119,74.3911904,22.737203,58.440289,24.84839,3,6,2,1,3,1,5,13,6,3,4,2,1,1,1,1,1,1,6,4,2,4
39,36.82132667,42.4424,162.72836,58.62514,93.0589666,47.2134,1,1,2,2,5,1,11,11,14,4,8,3,1,0,1,1,1,1,4,4,2,3
40,217.6344523,125.306893,535.0845087,105.1998743,52.502961,101.950657,3,2,10,2,1,3,9,7,28,7,4,7,1,1,1,1,1,1,5,3,3,3
41,64.67796833,154.847227,339.3848443,112.195079,78.540111,57.8969514,1,2,3,1,1,1,1,11,24,7,3,4,0,1,1,0,1,1,5,4,2,3
42,104.0797063,91.290929,284.192408,435.8113717,66.996605,62.277813,5,1,3,6,1,1,12,10,100,155,14,19,1,1,0,0,0,0,3,1,2,1
43,101.146281,58.5069273,101.303444,82.9530137,79.786909,121.230121,4,1,1,2,1,3,34,7,8,3,1,5,0,0,1,1,0,1,5,3,2,2
44,25.659436,112.306388,54.121916,37.054417,19.244571,33.292347,1,1,1,1,1,1,7,50,25,10,8,7,1,0,0,1,0,0,6,4,3,3
45,38.21404133,57.3669087,76.147855,132.7785333,45.7815537,217.6176733,1,2,1,2,1,4,8,7,9,9,2,13,1,1,1,0,0,0,5,1,1,1
46,140.29136,189.46064,305.076,35.41904,24.6818,38.80688,1,6,8,1,1,1,2,4,20,3,2,3,0,1,1,1,1,1,6,4,1,1
47,962.0776747,38.542416,119.226661,95.981006,56.571903,169.100243,7,1,2,1,1,2,127,5,10,8,4,15,1,1,1,0,0,0,4,1,3,3
48,50.8152533,106.0724267,260.5790533,49.70014,42.05682,42.6519533,1,2,1,1,1,1,1,4,20,3,2,4,1,1,0,1,0,1,6,5,3,3
49,254.1542534,52.49542,157.7423333,70.90864,38.43494,79.66582,3,1,2,2,1,1,47,13,22,5,2,4,0,1,0,1,1,0,2,3,1,2
50,326.855854,110.112507,174.5740573,59.74622,133.221196,184.371336,7,2,1,1,3,3,11,3,2,2,5,6,1,1,1,1,1,0,6,5,3,3
51,130.3559513,61.602837,365.5325727,44.6019353,31.8847347,42.835262,1,1,2,1,1,1,14,4,13,5,5,6,0,0,1,1,1,0,5,3,3,3
52,94.167049,73.500321,65.6002353,47.4502374,46.3167163,68.050406,2,2,1,1,1,2,3,3,12,2,5,8,0,1,1,1,0,1,5,4,2,3
53,48.2684237,170.7120666,167.7145784,109.0905,119.5463576,116.7993044,1,3,1,1,2,1,2,14,9,5,5,8,1,1,0,0,0,0,3,2,1,2
54,101.1218117,43.199791,153.3751993,47.868016,29.911111,34.330013,2,1,3,1,1,1,41,13,57,25,7,16,1,0,0,0,1,1,5,4,3,3
55,307.5348354,121.706806,138.412316,26.875545,38.462661,41.33033,10,3,3,1,2,1,10,12,35,9,11,10,0,1,0,1,1,0,8,5,4,4
56,55.68632397,84.103758,284.9740204,42.617912,46.696565,44.532379,1,2,3,1,2,1,1,5,19,6,3,4,1,1,0,0,1,0,4,4,3,3
57,113.1233379,72.3449004,366.670905,64.1890745,84.7476235,81.8649124,1,1,4,1,1,1,11,13,26,4,5,3,0,0,0,0,0,0,4,4,2,2
58,87.41678937,40.44213,262.9982983,72.007804,71.342895,55.518471,1,1,3,1,2,2,13,10,42,13,6,11,0,1,0,0,0,0,2,1,0,1
59,22.032087,93.19538797,202.390307,137.527193,60.5968534,69.6797863,1,2,1,2,1,1,2,4,12,14,8,8,1,0,0,0,0,0,6,1,2,3
60,59.51515633,59.848162,100.3684153,100.16857,41.95199,145.9827754,1,1,1,3,1,1,4,11,6,14,2,7,0,0,0,0,0,0,4,3,1,1
61,108.5329734,96.9251267,179.0036866,95.4166334,47.0052733,53.3146,1,2,3,1,1,1,3,8,13,6,5,3,1,1,1,0,0,1,7,4,4,3
62,54.40107233,129.284905,292.488029,47.633943,111.4678177,97.6173866,1,2,5,1,3,1,2,10,25,2,5,3,0,0,1,0,1,0,7,4,4,3
63,67.98210737,40.4591633,432.3703413,44.521493,71.978597,71.081415,2,1,8,1,3,1,8,6,38,2,9,5,0,0,1,1,1,0,5,5,1,1
64,62.90523437,40.598364,117.8969583,163.726782,55.642001,57.757252,1,1,2,2,1,1,8,3,12,9,5,6,0,0,1,0,0,0,2,0,2,2
65,107.7118183,127.5610267,233.2564303,77.113218,42.0147324,40.898112,3,2,3,1,2,1,15,16,50,17,7,9,1,1,0,0,1,0,3,4,0,1
66,29.621648,112.2123593,86.2828544,197.800765,151.257659,70.4549516,1,2,1,2,3,1,1,9,8,15,19,7,0,0,0,0,0,0,4,5,2,3
67,23.399325,64.215072,172.3123724,65.115099,26.465996,37.3156673,1,2,2,2,1,1,2,5,12,4,2,3,1,1,0,1,1,1,6,4,4,3
68,39.68725333,39.29751997,96.4648667,44.31054,34.63564,47.3944333,1,1,1,1,1,1,7,9,14,8,4,5,1,1,1,1,1,1,6,5,3,3
69,97.0137923,148.67001,1080.815802,351.579234,97.713598,120.10905,1,2,6,1,1,1,5,9,66,31,12,19,0,0,0,0,0,0,4,2,2,2
70,84.85770167,20.646623,54.0970823,48.3358524,93.8084536,37.1971051,2,1,1,2,3,2,24,14,16,28,41,14,0,1,0,0,0,0,5,4,2,2
71,268.6490337,56.5789727,80.3098356,110.4419677,53.6785403,43.6633637,4,1,1,1,1,1,37,7,7,7,4,4,1,1,1,0,0,1,5,1,2,3
72,37.2109666,60.9563867,598.86902,79.120607,89.46902,55.04064,1,2,1,3,5,1,2,5,7,5,8,4,0,1,0,0,1,0,5,4,3,3
73,65.350279,38.490317,68.7493033,38.206934,136.6658734,79.39707,1,1,1,1,5,2,13,3,6,3,11,7,0,1,1,1,1,1,4,3,2,2
74,105.833988,76.417217,347.9689067,65.550438,187.7842583,55.333741,2,1,1,1,2,1,11,6,14,5,8,4,0,1,0,0,0,1,4,3,1,1
75,48.14489597,39.781938,196.6773697,49.810749,22.822926,55.308176,2,3,6,2,1,2,7,16,73,18,16,17,1,1,0,1,0,0,5,1,2,2
76,58.9031657,96.457482,526.173123,95.7884263,66.765424,34.5608113,1,1,5,1,1,1,3,6,44,12,5,5,1,0,0,0,0,0,7,4,4,3
77,38.84089067,184.897017,195.5319393,66.910622,26.4880697,39.1731853,1,3,3,1,1,1,1,5,5,3,2,2,1,0,1,0,1,1,6,4,2,2
78,61.58943003,45.664233,78.1606063,179.742227,42.97372,48.0986064,1,1,1,4,1,1,11,3,9,18,3,2,0,1,0,0,0,0,5,4,3,3
79,33.745973,80.659264,133.257258,50.929785,36.448611,32.920309,1,2,3,1,1,1,1,7,17,5,3,5,0,0,0,0,0,0,6,4,4,3
80,76.9584033,79.3628064,114.8463306,69.127355,32.760241,68.5094834,3,3,1,2,1,3,7,11,22,17,14,28,0,1,0,1,0,1,6,5,3,3
81,399.390963,55.189239,116.8443443,62.371338,54.756244,71.286197,5,1,1,1,1,2,28,2,5,3,3,6,1,1,1,0,0,1,5,3,3,3
82,78.24862397,81.262353,186.954701,50.472662,64.094112,76.782903,4,2,2,1,1,2,4,6,11,2,11,7,1,1,0,1,1,1,5,5,2,3
83,67.85934667,92.60708,328.7859267,96.4644533,63.5525467,84.57922,1,2,3,1,1,1,2,5,24,5,4,12,0,1,0,0,0,0,3,1,2,3
84,16.74588,30.74296,91.56075337,29.6594533,18.51218,39.57512,1,1,3,1,1,2,2,8,21,6,3,6,1,1,1,1,1,1,2,3,1,2
85,114.0689204,140.696761,236.8372856,118.6032007,64.8950127,132.7065746,2,2,1,5,2,3,2,7,32,22,6,28,1,1,0,0,1,0,4,2,3,3
86,121.5915513,83.0502267,105.1155497,39.3878016,93.9668983,53.475393,3,2,1,1,3,1,2,4,3,1,5,3,0,1,1,1,1,0,6,4,3,3
87,43.0840734,64.2179133,51.7680933,175.2870934,37.5672933,33.3008133,1,1,1,3,1,1,4,11,5,31,8,7,1,0,1,0,0,1,5,5,2,2
88,18.56115167,24.85302133,112.8477383,75.0916954,56.081538,59.1611013,1,1,2,1,2,3,7,5,12,9,8,8,1,1,0,0,0,1,4,2,2,2
89,72.996628,55.20540197,112.926194,47.4927634,41.1958093,38.913656,1,2,2,1,1,1,7,9,16,2,4,3,0,1,1,0,0,1,5,4,3,3
90,630.3929867,126.4886,244.44514,49.49366,44.5821,79.84202,4,3,3,1,1,2,7,7,20,2,2,5,1,0,0,1,1,1,2,3,2,3
91,197.75836,39.860854,77.5686934,43.455814,79.4888816,73.8072487,2,1,1,1,2,1,37,5,6,2,3,1,1,1,1,1,1,1,3,5,1,1
92,41.02664633,41.1432,141.9936923,54.3078494,128.7624216,63.6229324,1,1,2,1,4,2,6,5,14,5,8,8,1,1,0,1,1,1,7,4,4,3
93,49.78233437,36.799434,134.1479823,34.599493,70.265597,58.132429,1,1,1,1,2,1,6,4,3,4,4,5,1,1,0,1,1,0,3,2,1,2
94,277.131594,94.4476087,156.9202606,92.1245534,69.147239,51.7148336,4,1,2,1,1,1,35,19,17,13,3,4,0,0,1,0,0,1,5,1,2,1
95,100.6181967,41.209548,207.862966,49.401546,46.554365,48.302791,3,1,8,1,1,1,9,3,4,2,3,2,1,1,1,1,0,1,5,5,1,1
96,195.4671933,129.4596467,119.1642733,147.1667467,66.8381933,85.53962,8,3,1,2,1,2,11,5,8,16,2,6,0,1,0,0,0,1,5,4,2,2
97,41.846297,100.817384,200.641763,55.853013,81.512259,27.846652,1,2,1,1,3,1,1,11,17,5,8,4,1,0,0,0,0,1,5,2,3,3
98,37.99497733,213.9888183,336.7564437,65.658202,89.138442,107.686045,1,6,4,2,3,4,1,10,23,6,7,12,1,1,0,0,0,0,4,2,2,2
99,76.56816797,36.637978,70.004616,27.518431,21.85083,31.220446,1,1,1,1,1,1,20,10,35,11,12,12,0,1,0,0,0,0,3,1,2,2
100,38.26258434,72.52922233,97.017739,131.6894843,97.487763,63.837354,1,1,1,1,1,1,4,6,7,8,8,7,0,1,1,0,0,0,7,1,4,3
101,35.73798967,251.3027923,80.2895683,28.440373,26.6742814,45.467921,1,10,1,1,1,1,1,46,7,8,5,6,1,1,1,1,1,1,7,4,4,3
102,46.478789,127.5555034,100.5582446,64.36127,65.911288,50.645454,1,2,3,1,1,3,7,18,12,5,4,8,1,0,0,0,0,1,7,5,3,3
103,137.704212,128.707649,114.414758,381.543549,72.816952,88.0933257,1,2,1,4,1,3,3,5,8,15,4,8,1,1,1,1,1,1,4,3,2,3
104,35.27515233,82.297438,124.4210063,120.8217304,162.312044,95.260971,1,2,1,1,2,2,2,6,6,7,8,5,1,1,0,0,0,0,2,1,1,2
105,51.24391097,58.4760264,82.3403486,47.8610064,62.392609,125.9017723,1,2,1,1,1,1,5,4,6,4,4,8,1,1,0,1,0,0,5,4,2,2
106,32.385989,22.346181,88.98472497,85.398135,35.73256,53.678814,1,1,2,1,1,2,15,8,134,22,20,40,0,1,0,0,0,0,2,4,1,1
107,57.71942337,56.285981,271.9844763,97.7111727,54.5195796,46.937976,1,1,3,1,1,1,10,10,49,18,11,10,0,1,0,0,0,1,5,2,2,2
108,197.0189113,115.60953,332.9647077,518.753991,89.927014,79.495495,2,1,2,11,2,1,23,12,32,111,10,5,1,0,0,0,1,1,0,2,1,1
109,81.262376,61.895615,92.0114813,43.2307587,114.9760556,104.1258137,1,1,1,1,3,2,8,11,25,10,19,8,0,1,0,1,1,0,3,4,2,1
110,133.978466,27.8989693,40.6488086,24.415798,15.39942,46.7483127,4,1,1,1,1,3,22,10,28,11,9,17,0,0,0,1,0,1,6,4,3,3
111,40.9417923,30.9286177,411.8201567,25.395047,35.459413,45.3405843,1,1,10,1,1,2,4,7,98,4,6,9,1,1,0,1,0,0,4,5,1,1
112,64.98073663,80.730104,307.8814464,170.0377306,42.064984,75.213658,1,1,4,4,1,2,7,16,42,17,4,7,1,0,1,0,1,1,3,1,1,1
113,52.86419533,84.91274,145.1432827,194.57427,241.7221573,102.594968,1,2,2,3,4,1,2,4,8,5,5,3,1,1,1,0,1,0,6,4,2,2
114,103.933273,277.950375,441.133739,135.799856,119.983496,71.13336,2,4,5,3,2,1,11,35,37,13,8,1,1,1,1,0,0,1,3,5,1,1
115,23.30110334,71.87269133,103.836676,57.4180257,55.1481273,42.5961793,1,2,2,2,2,1,2,4,8,3,4,7,1,1,1,1,1,1,5,3,3,3
116,182.6749627,69.280245,80.4129763,50.731057,48.18113,44.148156,5,1,1,1,1,1,29,14,12,5,5,4,1,0,1,1,1,1,3,2,1,0
117,141.8380847,277.1981806,132.5563404,63.937038,70.9688173,113.9761877,24,8,11,1,1,11,12,25,9,4,8,7,0,1,1,0,0,0,1,1,0,0
118,93.01704497,86.5493527,104.976856,59.3743757,65.5355283,48.5658393,1,1,1,1,2,1,9,11,8,4,5,6,0,0,1,1,1,1,5,1,4,3
119,38.59353997,44.82104,59.810225,87.121587,52.555673,81.387212,1,1,1,1,1,2,2,5,7,6,4,5,1,1,0,0,0,0,2,1,1,2
120,49.94765533,169.3581917,114.1610563,63.380404,55.780647,67.113609,1,3,1,1,1,1,1,4,2,1,1,2,1,1,1,1,0,0,7,5,4,3
121,89.5692063,130.2631987,249.8506147,41.5135743,129.5605813,55.200892,2,3,4,1,3,1,3,9,9,2,6,2,0,1,1,1,1,0,1,2,0,0
122,41.5154543,78.331174,70.6480874,29.7993023,34.949038,44.548794,1,2,1,1,1,1,1,5,14,2,4,7,1,1,0,1,0,1,4,4,3,3
123,262.9120977,86.9813744,557.5629503,81.667166,67.664221,48.834732,26,1,4,1,1,1,95,15,111,17,11,9,0,0,0,0,0,1,3,1,0,1
124,52.980638,127.599157,131.9835866,50.64715,61.0764957,37.3173153,1,2,1,1,2,1,1,3,5,3,3,2,0,1,1,1,1,1,4,2,3,3
125,907.014173,63.6474543,64.097437,42.41497,30.315454,44.048238,13,1,2,1,1,1,214,10,17,9,5,10,0,1,1,1,1,1,5,4,3,3
126,269.767346,290.5472037,200.429888,91.5206453,115.574112,51.297675,11,5,2,1,2,1,39,19,21,6,8,5,0,0,0,0,0,1,6,4,2,3
127,59.95077667,60.7516417,285.5057393,134.4392234,47.0988207,35.4489297,2,2,3,1,1,1,8,11,42,5,4,3,0,1,0,0,0,1,2,3,1,2
128,124.062138,56.777716,215.9555654,41.592608,71.130574,38.262535,2,1,4,1,2,2,17,15,19,13,5,4,1,0,0,1,1,1,2,1,1,1
129,59.046768,129.7371133,95.1715513,51.6315483,103.3921693,101.7566733,1,3,1,1,1,2,2,9,3,3,4,4,0,1,0,1,0,1,6,5,3,2
130,67.42269133,156.369015,134.8260857,53.355154,40.074909,52.401785,1,2,2,1,1,1,2,24,16,9,3,4,0,0,0,0,0,1,7,5,4,3
131,52.81658997,132.366858,78.1012314,43.478579,39.117359,43.778145,1,3,1,1,1,1,1,28,11,9,6,5,1,1,1,1,0,0,5,4,3,2
132,101.78214,51.3745506,162.6112624,1317.984673,527.017865,53.842538,1,1,1,8,3,1,26,5,20,48,20,8,0,1,0,0,0,0,3,2,0,1
133,53.64784667,83.7465533,225.6042934,185.30838,92.0794866,48.5404134,1,2,3,4,1,1,2,4,4,18,4,2,0,1,1,0,0,1,4,3,2,2
134,36.89941204,98.35993329,116.6595464,69.5315789,118.3112474,93.4949867,1,1,1,1,3,1,1,5,3,2,3,3,1,0,0,0,0,0,4,4,2,2
135,45.32901133,50.5761823,107.0667817,40.524312,31.523526,102.7957623,1,1,1,1,1,3,8,10,17,6,5,10,1,1,1,1,1,1,7,5,4,3
136,104.8409414,34.2188163,136.1929513,67.020848,43.153397,62.037507,2,1,3,2,1,1,13,10,28,8,4,10,0,1,0,1,0,0,3,5,0,0
137,31.38093634,69.95353803,96.5227373,38.306333,35.376289,57.5845923,1,2,2,1,1,2,1,12,21,7,4,15,1,1,0,1,0,1,7,5,3,4
138,64.52343766,112.2067787,168.2101457,100.102491,144.201664,61.621742,2,2,2,2,4,2,2,5,5,7,15,9,1,0,0,0,0,0,5,4,2,2
139,143.5102334,26.73046,167.34754,66.50848,20.44864,34.21426,6,1,5,2,1,1,46,10,55,9,4,8,1,1,1,1,1,0,6,3,3,3
140,17.355318,23.063984,159.496745,29.911691,18.528817,21.862563,1,1,3,1,1,1,2,5,29,6,4,5,1,1,0,1,1,1,2,3,2,1
141,207.0561977,59.9134517,321.499368,72.6128253,103.961093,38.447922,5,1,5,2,3,1,53,10,41,8,10,4,0,1,0,1,1,1,3,2,2,1
142,80.25006503,36.583389,135.45019,62.216757,26.283381,52.450084,2,1,2,4,1,1,18,12,38,37,13,11,0,1,0,0,0,0,6,4,3,3
143,169.004362,58.6499123,269.01693,155.5998477,118.2851866,70.2833744,1,1,3,2,3,2,17,3,17,10,10,9,0,0,0,0,0,0,6,2,4,3
144,31.72269967,54.28132733,66.2442073,37.037545,42.0524334,30.4897043,1,3,1,1,2,1,5,8,7,3,3,3,1,1,0,0,1,1,7,4,3,3
145,22.149211,76.263591,60.8477533,35.481834,26.749098,56.381261,1,4,1,1,1,2,1,7,23,2,2,10,1,1,1,1,1,0,5,5,2,2
146,128.478,44.096,181.2243334,32.497,137.444,35.4943333,3,1,4,1,6,1,13,9,29,2,13,8,1,1,0,1,1,1,7,4,4,3
147,33.63918997,37.2065784,83.4643446,36.1228704,34.3228013,66.728309,1,1,1,1,1,1,11,8,9,3,5,7,1,0,1,1,1,0,5,4,2,3
148,125.5952603,67.562699,192.2417863,46.252632,136.875274,44.719939,1,2,3,1,4,1,26,13,50,8,12,8,0,1,0,0,1,1,2,4,2,1
149,67.2641333,75.8183533,126.8489933,56.0594467,214.82552,38.0661067,1,1,1,1,5,1,9,10,15,3,13,5,1,1,0,1,0,1,6,3,3,3
150,59.60526133,54.373185,187.1478323,47.024444,46.557666,50.573696,1,1,2,1,1,1,4,9,18,6,6,4,0,1,0,1,0,1,3,0,1,1
151,38.016678,53.8288397,103.2740613,90.0551873,48.3573454,36.2092106,1,2,1,1,1,1,4,9,9,8,5,6,1,1,0,0,1,0,5,3,3,3
152,30.39999733,57.0873,94.82909537,115.206821,48.513394,40.339023,1,1,1,3,1,1,1,2,5,20,12,9,1,1,0,0,0,1,3,3,2,1
153,128.833012,36.5618583,118.3844427,67.924447,50.8100356,41.67774,1,1,1,1,1,1,21,10,16,16,12,11,0,1,1,0,0,1,2,4,1,2
154,77.53490197,221.1547096,331.699989,182.439245,58.632489,54.6506517,2,2,2,1,1,1,2,14,10,2,3,4,1,1,1,1,1,1,5,3,2,3
155,94.7610427,88.1169703,102.1069227,52.5595563,40.4945564,107.544958,1,1,1,1,1,2,4,4,6,2,2,5,0,1,1,1,1,1,5,4,1,2
156,115.1313944,39.160265,280.4875623,81.303428,51.191508,67.972547,2,1,4,2,2,2,21,4,31,5,6,8,0,1,1,1,1,0,2,0,2,1
157,39.63369334,75.91595333,83.833882,74.299904,52.9330297,167.4829713,1,2,1,1,1,4,3,5,8,4,3,4,0,1,1,0,0,1,3,2,2,1
158,26.08131733,115.041121,166.3206934,48.6794193,54.512577,82.277205,1,2,2,1,1,1,1,7,13,2,3,4,1,0,0,1,0,0,5,4,3,2
159,161.7919,746.1382533,292.1685537,58.32632,42.22526,37.4133,3,12,4,1,1,1,16,103,36,10,5,4,1,0,0,0,0,1,5,1,2,1
160,35.28134167,109.5993797,134.199516,134.4332323,82.428914,55.308712,1,2,2,4,2,1,1,8,13,10,8,5,1,1,1,1,0,0,6,4,3,3
161,41.55519867,92.395405,104.6967193,112.314214,53.373478,79.876768,1,1,1,1,1,2,6,19,15,7,4,11,0,0,0,0,0,1,4,5,2,2
162,33.24747167,52.7653653,81.6755004,146.5187963,148.0537163,36.350354,1,1,1,2,3,1,7,7,13,39,14,6,0,0,0,0,0,1,2,1,2,2
163,196.8432233,150.1097617,191.0055543,81.243344,79.0961993,72.1464907,2,2,3,2,2,2,49,17,17,7,4,8,0,0,0,1,0,0,5,4,3,3
164,78.96841337,82.878576,225.942438,24.050109,24.751849,38.005323,1,1,3,1,1,1,7,9,46,9,5,5,0,1,0,1,1,0,4,3,1,2
165,65.23963397,220.7176197,343.8981383,208.2505584,58.3910886,155.5420797,1,5,9,4,1,4,1,14,13,13,2,4,1,1,0,1,1,1,2,3,1,1
166,85.48146233,73.3611193,158.226413,66.925854,48.169877,30.877142,1,1,2,2,1,1,8,16,52,25,3,5,0,0,0,1,1,1,2,2,0,0
167,45.17495633,63.60878767,166.119367,96.468768,52.6431146,304.9158497,1,1,1,1,1,4,7,10,37,12,7,55,1,1,0,0,0,0,2,2,1,2
168,37.45081733,50.034099,80.6514693,37.550241,26.433496,43.584021,1,1,1,1,1,1,1,4,4,3,2,3,1,1,1,1,1,1,4,2,4,2
169,138.5828587,69.8606493,180.1457874,130.4447163,46.027326,65.0440723,2,1,2,2,1,1,27,14,55,31,9,12,1,0,0,0,0,0,6,4,4,4
170,98.4467133,28.5511733,134.2988734,42.32764,30.6162666,43.56228,1,1,2,1,1,1,31,11,39,2,3,3,1,1,1,1,1,1,3,4,2,3
171,59.7263333,57.1523334,107.3966666,52.7793334,30.3453333,102.2026667,2,1,1,1,1,4,9,12,49,11,9,34,1,0,0,0,0,0,4,4,2,2
172,38.83495637,90.5704377,225.7595106,60.80252,80.2699607,100.887499,1,2,3,1,1,2,1,7,6,5,3,4,1,1,0,0,0,0,4,4,1,0
173,184.8355227,48.929506,307.742397,127.523329,90.359584,102.441947,5,1,4,3,2,2,11,5,23,9,4,9,1,1,0,0,0,0,3,3,2,2
174,38.06740633,39.6499377,129.4626986,32.4530677,60.0748003,46.713688,1,1,2,1,2,1,3,5,14,2,7,5,0,1,0,1,0,0,6,2,3,3
175,30.90269334,101.2170666,90.4809134,83.74656,102.1405066,72.3638067,1,3,1,1,2,1,2,8,3,2,4,4,1,0,1,0,1,0,2,3,1,2
176,176.1639073,440.146825,88.9780907,44.6819153,111.092097,22.383007,2,6,1,2,5,1,8,27,7,5,12,10,0,1,0,0,1,1,5,4,3,3
177,67.07019137,50.518951,102.1701163,65.071847,65.9376953,46.589293,1,1,1,1,1,1,5,5,5,5,4,4,0,1,0,0,0,0,6,3,3,3
178,66.555033,47.709248,93.1268296,56.4884414,30.167328,62.3580273,1,1,1,1,1,1,8,10,14,8,6,9,1,1,0,1,1,0,4,2,3,3
179,26.500862,167.471077,348.720231,106.178032,139.0863637,96.6657313,1,3,8,3,6,1,1,10,19,3,8,2,1,1,0,1,0,0,5,3,3,2
180,33.869534,51.25787903,228.3635933,50.482236,30.7013624,41.6513623,1,1,6,1,1,1,1,6,25,3,2,4,1,0,1,1,1,1,5,2,3,3
181,45.81430563,73.3457454,94.061473,53.763301,40.8144456,47.913951,1,3,1,1,1,1,6,13,11,5,3,5,1,1,1,1,1,1,5,2,3,3
182,107.1421917,112.6983553,83.4983063,84.6359004,44.443604,58.2312657,1,1,1,2,1,1,12,20,19,20,4,3,0,0,0,1,0,0,3,4,1,2
183,24.36060234,64.13937603,95.007708,41.6598863,42.7392317,58.4427826,1,2,1,1,1,1,2,6,10,3,4,5,1,0,1,1,0,1,1,1,2,1
184,30.63289703,46.6995596,46.749402,33.1495707,22.5163037,27.9163113,1,2,1,1,1,1,1,5,7,4,2,4,1,1,1,0,1,1,6,3,3,3
185,75.2981677,39.640816,72.3657497,42.806328,84.2623363,65.8341173,1,1,1,1,1,1,18,10,40,15,13,9,0,1,0,0,0,0,1,3,1,2
186,101.4355374,24.573922,291.307436,68.1548673,66.5814653,24.360502,3,1,5,3,1,1,24,10,78,20,8,10,1,1,0,0,1,1,4,4,2,3
187,398.1965734,30.3048,84.92756,28.2146333,73.60736,45.1384867,6,1,2,1,3,1,41,5,9,4,12,4,0,1,1,1,0,1,6,5,2,4
188,114.017101,52.937155,80.712779,51.638285,71.604135,42.745996,2,1,1,1,1,1,20,10,11,3,5,4,0,0,1,1,0,1,5,2,2,2
189,49.75804667,48.48978003,118.4655066,134.5341133,75.95284,101.8491133,1,1,1,2,2,2,2,2,5,7,5,7,1,1,0,0,0,0,4,1,2,2
190,106.9635677,43.585224,98.2667017,89.519722,44.568337,42.218988,2,1,1,1,1,1,6,6,6,8,3,3,0,1,0,0,0,1,5,5,1,1
191,110.2076633,116.9466637,180.5646904,43.7496163,61.3987367,94.2001583,1,1,1,1,1,2,4,29,31,5,7,9,0,0,0,1,0,0,8,5,4,3
192,93.58326197,42.049929,135.566581,108.9499174,45.266466,31.766594,3,1,2,5,2,1,6,5,8,10,7,3,1,1,0,1,0,1,6,5,3,3
193,34.496573,149.137532,306.441133,65.3287153,27.363509,80.1442223,1,3,4,1,1,1,1,14,25,5,3,12,0,1,0,0,1,0,2,3,1,1
194,20.3425266,67.5160134,73.79376,49.7522,69.44498,35.7933733,1,1,1,2,3,1,3,10,11,6,10,6,1,0,1,1,1,1,4,4,1,2
195,62.6875896,140.5363876,128.1909304,137.4396903,121.7055107,113.2959697,1,9,1,1,2,1,1,8,5,6,2,3,1,1,1,0,0,1,4,2,3,2
196,68.4610394,45.917745,138.817764,109.1131066,48.966453,171.3406027,2,1,1,2,1,2,9,6,13,7,4,13,1,1,0,1,0,0,4,2,1,2
197,292.9466316,104.38122,97.0883024,98.3039473,221.4830493,1448.764917,15,1,1,1,2,18,129,32,30,29,61,342,0,0,0,0,0,0,4,2,3,3
198,88.39679033,55.047375,126.2106413,75.879921,57.430594,226.3394,2,1,1,2,1,7,3,4,5,4,3,17,0,0,0,1,0,0,5,5,2,3
199,181.7030663,40.1485094,207.762609,38.631103,42.1992883,48.56828,11,1,3,1,2,1,43,11,39,5,6,6,0,1,1,0,1,0,3,2,1,2
200,28.97202533,93.206196,156.9206133,56.5075724,37.087303,70.656054,1,2,2,1,1,1,1,4,17,9,4,3,1,0,0,1,0,0,2,0,2,3
201,125.7812866,109.5966257,143.731094,152.3063457,81.523008,141.2666603,1,1,1,2,1,1,16,26,34,34,21,16,0,0,0,0,0,0,3,4,1,2
202,310.039418,99.1405207,178.2444146,176.5226717,80.1765943,85.1183357,4,1,1,1,1,1,14,4,15,5,2,9,0,0,0,0,0,0,3,2,1,2
203,166.9170893,130.4634414,171.0899786,146.9508754,82.240812,129.403786,1,1,1,1,1,1,9,7,4,3,3,2,0,0,0,0,0,0,3,0,3,2
204,47.3797133,26.97634,47.19128,53.4351667,27.57652,21.8853933,3,1,1,2,1,1,7,5,5,7,7,3,1,1,1,0,0,1,5,5,2,2
205,33.09194467,127.8926516,227.376801,31.850249,51.8087474,52.350419,1,4,4,1,1,1,2,9,16,3,6,6,1,1,1,1,0,0,5,5,2,0
206,34.94743963,234.384876,95.7271594,44.480365,49.8301703,51.813249,1,3,1,1,1,1,1,8,5,3,7,6,1,0,1,1,0,1,3,1,1,1
207,112.067901,45.73003,102.1755017,63.065834,66.7363227,79.2567276,2,1,2,1,2,1,15,7,21,5,6,13,0,1,1,1,1,0,3,3,2,1
208,28.36508666,66.91333397,71.52818,72.080393,44.839311,27.7934264,1,2,1,2,1,1,1,3,11,13,6,10,0,1,0,0,0,1,6,5,2,2
209,49.31480203,25.8323133,57.9144247,101.0460314,31.5487753,36.4652733,1,1,1,3,1,1,14,11,41,38,17,14,0,1,0,0,0,0,2,3,3,1
210,107.185755,441.4854737,285.797176,65.192412,34.336341,100.178224,3,7,4,1,1,2,6,23,8,3,2,3,1,1,1,0,1,1,5,3,2,3
211,34.394373,94.667751,80.7701363,51.291549,70.58867,78.6871084,1,2,1,2,3,2,1,8,7,6,5,7,1,0,1,1,1,0,5,3,3,3
212,24.57906933,106.9577697,86.4255293,61.6037173,55.1054507,111.4041743,1,4,1,2,1,3,2,9,11,6,9,28,1,0,0,0,0,0,2,2,2,3
213,80.9740903,74.897716,333.7683657,79.701608,83.9222303,133.4684904,1,2,4,1,2,3,9,16,49,10,9,17,1,1,0,0,1,1,1,2,1,1
214,44.78142934,51.94748503,181.5246263,63.0969303,64.229258,54.430772,1,1,1,1,1,1,7,7,19,4,6,6,1,1,0,1,0,1,3,2,2,2
215,102.929959,146.994297,128.8116864,32.315455,26.38231,30.782106,4,4,4,1,1,1,33,124,48,9,6,9,0,1,1,1,1,1,4,2,3,3
216,151.9250414,68.87676,184.0490553,47.810339,44.330071,63.348238,1,1,2,1,1,1,12,4,9,2,3,5,0,0,1,1,1,1,4,4,1,2
217,31.18092033,47.5307383,125.8922237,46.279584,73.923762,41.2077383,1,1,2,1,2,1,2,3,4,4,6,3,1,0,0,0,0,0,4,4,1,2
218,48.95157267,114.8441373,218.702312,80.660985,105.2618607,40.689853,2,4,5,3,4,2,8,36,57,13,17,10,1,1,1,1,1,1,5,2,2,3
219,103.9187134,302.8879666,98.3808667,237.1085933,47.2133534,28.4100066,1,11,2,3,1,1,24,64,21,14,5,7,0,1,1,0,0,0,4,2,3,3
220,23.72727434,31.10118533,171.5611253,59.677018,54.758124,37.450286,1,1,3,1,2,1,3,3,15,6,4,5,1,1,0,0,0,0,5,3,3,3
221,27.12896134,67.50687033,73.2128253,36.339469,22.641252,48.569401,1,2,1,1,1,2,1,4,5,2,2,4,1,1,1,1,1,1,5,2,4,3
222,112.1360743,108.185484,422.4904713,61.051111,54.684248,104.751857,13,2,4,1,1,2,35,3,8,1,1,3,1,1,0,1,0,1,4,3,2,3
223,108.4761596,55.833465,64.7381824,41.19859,57.754676,83.5495673,3,2,1,1,2,1,5,8,9,2,6,6,0,1,1,1,0,0,6,5,4,3
224,109.982146,50.8387547,52.14933,36.782946,25.866375,85.949068,1,1,1,1,1,1,17,12,22,11,11,29,0,1,0,0,0,0,3,2,1,2
225,110.872133,39.135361,266.613542,29.2179233,22.917788,31.234943,3,2,7,1,1,1,6,7,40,4,3,7,0,1,1,1,1,1,3,4,1,2
226,100.8339436,34.778361,261.9048997,65.021909,62.5209973,99.4001114,3,1,3,1,1,2,21,3,32,4,3,7,1,1,0,0,0,1,4,1,3,3
227,71.26904103,74.697743,107.2280906,32.6655724,44.5241833,44.2231593,2,2,2,1,1,2,5,15,12,2,3,5,1,0,1,1,1,1,4,4,1,2
228,81.5250296,93.928366,113.4843697,49.248216,76.506479,53.499526,1,1,1,1,2,1,9,14,6,3,8,6,0,0,0,1,1,0,5,5,0,1
229,177.2322723,115.9073224,87.2776533,79.6475363,198.6165297,50.616399,5,5,1,2,10,1,22,10,4,6,45,6,1,1,0,0,0,0,5,3,3,3
230,30.52612033,24.6941,86.9960653,56.386647,34.358571,158.945722,1,1,1,1,1,2,2,4,15,7,4,12,1,1,1,1,1,0,5,5,0,1
231,113.2569587,85.3808526,66.2894884,44.4146976,38.6856667,46.0133083,1,1,1,1,1,1,23,10,18,10,5,7,1,1,0,0,0,1,3,3,2,2
232,76.10832733,35.2903213,180.716931,30.8083174,24.6767423,30.6750047,1,1,4,1,1,1,12,7,49,10,5,8,1,1,0,0,0,0,4,2,2,3
233,123.8584866,100.4999017,643.4624643,93.8243313,60.407054,160.924077,1,1,4,1,1,1,15,9,90,9,7,7,0,0,0,0,0,0,2,2,2,2
234,46.06221133,104.7214074,123.8224186,62.36033,70.5600446,165.9004197,1,2,1,1,1,3,2,6,5,3,4,10,0,1,1,1,0,0,6,3,3,3
235,137.910828,57.356431,151.9749036,124.57964,89.018722,108.225278,5,1,1,2,2,1,10,5,11,15,9,7,1,1,0,0,0,1,3,4,2,1
236,146.527476,34.81323,162.3622826,106.0791454,35.6079133,32.9140137,4,1,2,2,1,1,47,5,14,13,6,3,0,1,0,0,0,1,5,4,2,3
237,229.0167137,84.413281,292.2486853,123.5387943,99.46022,234.2288447,1,1,2,1,1,1,20,9,26,9,7,6,0,1,0,0,0,1,1,1,0,1
238,57.29629603,47.896859,101.3438933,106.410178,108.110059,151.840697,1,1,1,1,2,3,10,7,28,7,4,10,0,1,0,0,0,0,4,1,2,2
239,125.1940037,72.313216,113.0112473,35.648292,24.598884,33.76506,3,2,2,1,1,1,4,6,11,3,2,3,0,1,0,1,1,1,7,3,4,3
240,45.49208534,109.2506736,78.5557457,78.5057273,31.8126504,23.6050613,1,2,1,2,1,1,6,27,15,21,4,3,1,1,1,0,1,1,7,5,4,3
241,116.968329,78.684629,312.0377504,74.284441,59.700775,47.300656,1,1,4,1,1,1,21,17,49,17,15,10,0,0,1,0,0,1,6,2,2,1
242,33.305423,111.678944,153.514871,42.4856,56.014366,40.919488,1,2,1,1,2,1,1,3,7,2,3,3,1,1,0,1,1,0,4,3,3,3
243,83.936001,83.519478,236.743228,56.4210337,47.4384054,44.931081,7,1,4,1,2,1,36,16,53,10,12,10,1,0,1,0,1,0,5,5,2,3
244,68.51971833,1092.3325,131.888257,116.281134,76.482794,84.612833,1,6,1,1,1,2,3,37,6,2,2,5,0,1,1,1,1,1,3,3,2,2
245,195.7116534,54.75572,73.01286,47.9975333,105.58674,77.51294,1,1,1,1,3,1,32,9,8,8,16,7,0,0,0,0,0,0,6,4,4,3
246,95.1837897,383.572221,174.9849423,92.3974063,99.138469,167.5943977,1,10,1,1,1,3,1,14,4,2,2,5,1,1,0,1,0,1,6,4,3,3
247,176.5353076,56.7485919,99.5534261,74.3061395,32.3849204,67.8030602,2,1,1,1,1,2,25,11,9,3,3,7,0,1,1,1,1,1,4,3,1,2
248,37.30993233,23.60456767,72.5833393,21.000433,20.633131,40.0977564,1,1,1,1,1,1,11,10,16,12,8,15,1,1,0,0,1,0,5,4,3,3
249,165.8312074,98.083852,111.285902,61.0206756,177.153928,46.4351914,3,3,1,1,1,1,30,19,19,9,13,8,1,1,0,1,0,1,3,1,2,1
250,103.9555797,22.575064,122.9788343,99.470097,37.1304324,48.8514613,9,1,3,2,1,2,36,9,42,34,7,15,1,1,0,0,0,0,2,3,1,2
251,26.340924,45.4168493,97.082509,40.968647,27.540049,58.1293464,1,1,1,1,1,1,8,10,22,15,15,15,1,0,0,0,0,0,2,1,2,2
252,48.08114833,105.295143,84.0960987,42.4647066,36.4149754,45.924605,1,1,1,1,1,10,1,6,9,6,4,5,1,0,0,1,0,0,4,3,2,3
253,63.99968667,120.2880733,70.87292,62.6099,52.81444,83.4034867,3,2,1,1,1,2,4,12,14,2,2,4,1,1,1,1,1,1,4,3,2,2
254,70.0813024,58.696902,450.794297,122.0606533,73.8119827,40.4150626,1,1,3,3,2,1,13,7,27,7,17,6,0,1,0,0,0,0,5,4,2,3
255,44.5746764,40.340479,85.848713,61.877646,48.6421163,28.288452,1,1,1,1,2,1,1,6,12,8,5,5,1,1,0,0,1,1,6,4,4,3
256,408.1323334,69.521,358.425,276.1360003,49.336,41.954,2,1,4,5,1,2,2,13,81,44,11,14,1,1,0,0,0,1,3,2,2,1
257,35.48870197,241.2791117,112.2762963,50.4741597,45.057713,61.408144,1,4,1,1,1,1,1,18,4,3,3,4,1,1,1,1,1,0,5,3,3,3
258,45.983764,93.05143697,294.7427094,35.329751,42.932583,124.512832,1,2,4,1,1,2,1,6,5,1,1,4,1,1,0,1,0,0,4,3,3,3
259,133.076896,58.526033,55.8754763,143.014911,30.980668,61.827972,2,2,1,4,1,2,19,16,20,33,12,24,0,0,0,0,0,0,4,5,1,2
260,23.88919,39.111674,66.08190033,81.9229713,37.064026,56.302367,1,1,1,2,1,1,2,5,8,5,4,8,0,0,1,0,0,0,3,4,2,3
261,40.50395,50.1631223,78.5790834,50.63228,50.3128143,41.9472594,1,1,1,1,1,1,4,8,12,5,5,10,0,1,1,1,1,1,3,3,2,2
262,44.78968333,30.7879673,50.8405277,22.2696043,18.6187554,38.675363,1,1,1,1,1,1,10,11,14,14,8,3,1,1,1,1,1,1,4,3,1,1
263,74.29605333,48.764065,105.2443173,68.112973,31.214986,34.598138,1,1,1,2,1,1,9,10,14,16,13,11,1,1,0,1,0,0,3,2,1,2
264,148.66387,60.5878313,296.7023383,118.0477087,25.935561,48.0685287,1,1,4,3,1,1,7,5,17,10,2,4,0,1,0,1,1,0,8,4,4,3
265,159.46586,17.71478,27.2262334,27.40818,21.14474,33.86638,3,1,1,2,1,1,45,14,24,17,16,19,1,0,0,1,0,0,5,4,4,2
266,198.6338027,116.739246,271.8163123,138.0801113,94.960211,71.7392537,3,2,2,1,1,1,5,6,16,3,4,3,1,0,0,0,0,0,5,2,3,3
267,26.957887,98.45005033,328.6218373,196.683422,32.571986,35.521196,1,2,3,3,1,1,1,3,16,18,2,3,1,1,0,0,1,1,2,3,2,2
268,60.57926,132.289184,105.1474874,74.508127,74.257849,103.914404,1,3,1,1,1,19,5,23,6,4,1,5,1,1,0,1,0,0,6,5,3,3
269,23.26029534,25.30992403,65.6328663,45.538066,24.660178,36.690559,1,1,1,2,1,1,3,4,14,10,4,8,1,1,0,1,1,0,4,4,2,3
270,68.30709397,138.814388,114.6116974,103.477511,66.640175,53.038688,1,1,1,1,1,1,15,12,17,12,8,9,0,1,0,0,0,1,4,2,2,2
271,63.0517934,352.308488,311.9278086,115.2783037,45.548469,170.018973,1,7,6,3,1,8,1,31,12,3,1,14,1,1,0,1,0,0,5,5,2,3
272,67.11141933,61.909776,395.0377273,102.1134744,82.007485,74.124852,1,1,3,1,1,2,7,4,6,9,3,4,0,1,1,0,1,1,4,5,2,3
273,303.6667163,310.682349,754.726172,31.228207,53.107904,24.895931,3,3,6,1,1,1,20,67,208,10,9,8,0,0,0,1,0,1,3,4,1,2
274,74.13324203,190.668971,80.0500333,83.516613,42.567078,219.71686,1,3,1,2,1,5,1,9,10,6,4,22,1,1,1,1,0,0,4,5,2,3
275,305.2686646,66.2707847,62.937213,87.7721103,39.819055,43.536063,5,2,1,1,1,1,13,14,8,9,8,7,1,1,1,0,0,1,2,3,1,2
276,47.63347603,87.117042,204.7009066,98.633887,35.966807,36.68351,1,2,2,2,1,1,1,3,18,7,14,11,0,1,1,0,0,1,8,4,3,4
277,22.39833534,27.3481327,124.1326323,52.978929,55.0813844,39.551218,1,1,2,1,1,1,7,10,38,12,12,10,1,1,0,0,0,1,5,3,2,1
278,88.3467103,150.402807,339.484483,117.318743,95.506487,185.006511,1,1,2,2,1,2,5,7,10,5,4,6,0,0,0,0,0,0,4,3,0,0
279,47.21484467,68.4806754,87.2299146,129.411598,46.3981827,76.3136646,1,1,1,3,1,1,8,11,8,6,2,2,1,0,1,0,1,0,2,2,1,2
280,145.2747804,152.5109836,184.0146974,68.728316,168.3110376,43.6205177,2,1,1,2,4,1,33,19,25,11,21,9,0,0,0,1,0,1,2,1,1,1
281,113.7887123,171.5652737,164.2729816,335.3714854,86.8815583,211.642504,1,2,1,5,1,4,1,3,10,14,4,11,1,1,0,0,0,1,6,4,3,2
282,41.98136133,116.577633,88.5791393,35.431642,40.464679,46.214411,1,2,1,1,1,1,3,9,5,2,2,2,1,1,0,1,0,1,7,5,4,3
283,58.07589333,91.592914,226.0435803,52.531484,56.76065,41.592289,1,2,4,2,3,1,2,14,34,15,14,2,0,0,0,0,1,1,4,5,2,2
284,55.37456534,30.94984266,119.916011,53.4067994,68.2280537,34.395835,3,1,1,1,2,1,6,5,13,5,10,6,1,1,1,1,1,1,5,3,3,3
285,73.42129533,42.0527963,48.7627534,33.531721,30.076279,25.6476933,1,1,1,1,1,1,34,14,44,15,16,13,0,0,0,0,0,0,6,3,2,3
286,213.968048,47.113258,332.9913266,38.03046,35.18078,74.211299,5,1,9,1,1,2,38,7,66,6,4,13,0,0,1,0,1,0,3,2,1,2
287,116.488528,159.191551,116.9558643,87.187607,53.3026,43.3021193,3,5,2,3,3,1,10,28,23,18,18,8,1,1,0,0,0,1,3,5,1,2
288,133.378,55.332,194.621,65.32,52.471,57.471,4,1,3,1,1,1,11,3,13,8,5,5,0,1,1,0,0,1,5,3,2,1
289,67.84225333,52.570003,187.7056813,52.7520124,113.843354,47.7188326,1,1,1,1,3,1,6,11,26,5,8,6,1,1,0,0,1,1,4,4,2,1
290,149.1544583,85.090957,47.1024263,34.456174,35.755842,44.653114,6,1,1,1,2,1,59,29,19,13,23,14,0,0,0,0,0,0,3,1,1,2
291,37.84588834,19.868003,186.2367483,117.4519773,70.190308,35.588479,1,1,6,2,3,1,2,3,32,7,5,4,1,1,1,0,1,1,4,5,2,1
292,31.87698934,71.96911303,91.9984333,66.853399,40.2917873,47.240596,1,2,1,1,1,1,1,8,11,7,3,5,1,1,1,0,1,1,6,5,2,2
293,45.87842767,116.0143457,166.0187487,102.0760483,78.576187,86.5608374,1,2,1,2,1,2,1,4,4,5,1,5,1,1,0,1,0,1,5,3,3,3
294,65.707672,84.5354853,373.6907277,128.8485653,147.9432964,88.2679976,1,1,2,2,3,1,9,10,29,8,7,6,0,1,1,1,1,0,6,4,3,2
295,33.35111334,65.53003333,138.60096,75.89246,28.02802,38.92222,1,1,3,2,1,1,2,6,5,10,3,5,0,0,0,0,0,1,6,5,3,3
296,57.53101034,106.48952,313.3131923,89.6426517,34.77954,37.581933,1,2,7,2,1,1,1,4,61,22,6,9,1,1,1,1,1,0,4,3,2,2
297,34.500272,50.25047867,109.600841,35.833929,25.5166923,37.0334684,1,2,3,1,1,1,2,3,16,3,3,6,1,1,1,1,1,0,7,4,4,3
298,16.60838533,21.587532,61.53784397,53.835163,30.593563,34.586799,1,1,1,1,1,1,5,5,9,6,2,7,1,1,1,0,0,0,3,4,2,2
299,36.6975854,75.1264343,103.39703,47.5201103,67.816698,55.295892,1,1,1,1,1,1,1,3,6,4,7,3,1,1,0,1,0,1,2,2,2,1
300,29.38433997,26.820659,65.3777914,48.163727,34.46197,25.188559,1,1,1,1,2,1,10,12,19,11,8,10,0,1,0,0,1,1,4,4,3,2
301,72.702,94.6096667,174.661,133.5453334,77.0946667,103.8346667,1,2,1,2,1,1,1,6,9,5,1,3,0,1,0,0,0,0,7,5,2,2
302,50.51410333,68.029764,146.9923893,69.696176,60.296493,51.1639674,1,1,1,1,1,1,5,9,9,8,8,5,0,1,1,0,0,1,5,5,3,3
303,139.640889,49.273948,220.002396,50.881186,76.486344,47.932277,3,1,5,2,2,1,17,3,13,4,6,5,0,1,0,1,1,1,4,3,1,2
304,50.29953433,26.35814403,152.1095326,60.7046257,49.0993503,58.6162227,2,1,3,2,2,3,1,4,21,3,4,3,1,1,0,1,1,0,3,2,2,2
305,97.853114,115.567619,116.8102903,167.798251,41.548252,80.716531,2,3,1,5,1,1,3,11,4,32,9,9,1,1,0,0,0,0,6,3,4,3
306,53.16685334,23.65015103,66.066925,37.883873,33.4000773,49.316941,2,1,1,1,1,1,4,4,7,2,3,6,1,1,1,1,1,0,5,3,4,4
307,55.36443,86.70377897,104.8810194,76.4441136,47.866997,57.4138507,1,1,1,1,1,1,5,12,10,7,6,5,0,0,0,0,0,0,7,4,3,3
308,51.13074934,48.76426203,130.660543,39.514764,34.698402,27.94866,2,2,14,1,1,1,10,6,26,6,5,4,0,1,0,0,1,1,6,5,3,3
309,113.198078,215.1403717,113.6330243,102.912207,42.81737,55.997112,4,5,1,2,1,1,4,11,10,14,7,7,1,1,0,0,0,0,3,4,3,2
310,63.46894,43.49666003,110.5736933,79.8413067,37.8097534,47.6935667,1,1,2,1,1,1,7,11,19,17,4,5,0,1,1,0,1,0,4,3,2,1
311,52.86433434,65.28463303,171.3785653,81.452081,57.5758577,64.4191543,1,1,1,1,1,1,5,8,14,7,9,6,1,1,0,1,0,1,5,3,2,3
312,195.7395253,38.0641403,155.1744977,88.849757,54.820498,48.417986,3,1,1,1,1,1,11,6,12,7,5,8,0,1,1,0,0,0,5,3,3,3
313,42.56453634,31.948367,272.1695566,99.3115144,37.48142,51.5473743,1,1,2,3,1,1,7,10,58,32,14,27,1,1,0,0,0,0,4,2,1,0
314,35.95873333,65.2584883,193.577941,69.954822,58.932393,50.1258224,1,2,4,2,1,1,4,4,9,3,3,3,1,1,1,1,0,1,2,2,2,3
315,20.17742433,102.9702727,283.7506816,98.738003,69.9294767,90.19036,1,2,3,1,2,1,1,4,8,2,6,3,0,0,0,0,0,0,7,4,4,3
316,44.4682093,50.7365574,88.267233,40.0993656,37.3482637,61.3902003,1,2,1,1,1,2,16,14,20,4,4,7,0,1,0,1,0,1,4,3,2,3
317,65.24485237,48.544386,86.6682446,79.4801424,46.8982343,26.0708463,1,1,2,3,1,1,3,13,21,16,4,5,0,0,1,0,1,1,7,3,4,3
318,51.43240767,25.14931167,138.2462864,29.065964,30.4319954,87.1822133,3,1,3,1,1,2,3,2,11,2,2,5,1,1,1,1,1,0,5,4,2,1
319,178.5332263,318.5431184,225.934176,46.47742,34.6171253,41.7168767,6,10,4,1,1,1,25,25,34,3,5,6,0,1,0,1,0,1,4,5,2,2
320,33.79855066,44.186757,255.9656147,43.0695053,44.6201547,44.9369793,1,1,4,1,1,1,1,4,41,18,20,11,1,1,0,0,0,0,7,2,4,3
321,43.607326,90.87783203,57.8267263,37.063719,32.385019,43.707156,1,1,1,1,1,1,1,9,5,1,2,3,0,0,1,1,1,0,2,3,2,1
322,190.202737,107.1755643,244.748638,177.886904,67.66171,78.277551,7,2,3,5,1,1,26,12,8,8,3,4,0,0,1,1,0,0,4,2,3,2
323,69.1639014,38.465132,53.1145446,38.548458,28.432196,60.9520907,1,1,1,1,1,2,1,7,12,3,2,9,0,1,1,1,1,1,3,4,2,1
324,37.06702433,42.484005,97.63467997,60.017515,32.017014,46.117367,1,1,2,1,1,1,9,9,16,7,5,7,1,1,0,0,0,0,5,5,3,3
325,147.201346,35.0119566,51.6804077,75.753433,46.554019,71.0787383,3,1,1,2,1,1,54,11,19,26,15,21,1,0,0,0,0,0,6,4,3,3
326,19.299688,37.64939334,46.49925133,101.34836,22.849632,33.7828013,1,2,1,3,1,2,3,6,11,8,3,7,0,1,1,0,1,1,2,4,2,1
327,280.8284244,57.6681647,166.7769636,117.643271,56.0397924,96.5976333,8,1,3,2,1,1,58,10,20,5,2,5,1,1,1,1,1,0,5,3,1,1
328,24.21720766,33.134163,61.13494537,52.3680183,47.2178477,33.7841223,1,1,1,1,1,1,1,2,2,4,2,2,1,1,0,0,0,1,4,4,3,2
329,34.0195,33.4040667,170.7845266,69.8166334,100.64088,58.2054533,1,1,3,2,4,1,7,10,36,8,6,4,1,1,0,0,1,0,3,2,1,1
330,25.81874334,39.28607833,71.4399777,26.701973,23.118107,33.236005,1,2,1,1,1,1,2,5,8,4,3,4,1,1,1,1,1,1,3,2,2,1
331,21.64232834,138.6846763,186.302464,46.980862,38.3506413,34.069248,1,3,5,1,1,1,1,9,22,6,5,6,1,1,1,0,1,1,4,2,2,3
332,194.3069767,60.346999,203.9565163,156.075746,124.093864,105.8447444,3,1,2,2,1,3,28,4,15,7,6,8,0,1,0,0,0,0,3,2,1,2
333,35.05373133,86.74268867,123.8997407,91.888861,47.5691356,59.935289,1,2,1,1,1,1,1,3,25,10,5,4,1,1,0,0,0,1,5,4,2,2
334,51.97279167,44.94978063,191.91785,106.212714,56.3367864,34.011613,1,1,1,1,1,1,5,6,26,7,4,5,0,1,0,0,0,1,2,2,0,1
335,27.12722,73.9358323,68.6773844,56.541173,47.9605686,36.0414234,1,1,1,1,2,1,6,22,15,3,5,5,1,1,1,1,1,1,4,5,1,2
336,188.4017734,55.8771133,109.6704,46.3085933,123.87304,165.6685267,8,1,1,1,2,6,11,2,4,2,10,25,1,0,0,1,0,1,5,4,3,2
337,72.230366,52.05246297,85.0106984,98.406695,41.755536,31.1082233,1,1,1,2,1,1,7,33,13,17,5,5,0,0,0,0,0,1,6,5,3,3
338,21.820166,66.886457,117.612879,21.788132,19.908946,53.94884,1,2,2,1,1,2,1,9,24,2,13,9,1,1,1,1,0,1,7,4,3,3
339,48.82253903,45.1006746,104.8212437,53.651172,46.3918353,56.0994974,1,1,1,1,1,1,5,4,11,7,4,6,1,1,1,1,1,1,4,4,2,3
340,224.5910213,165.876702,110.078934,58.0643454,36.5318733,100.8293027,3,3,1,1,1,2,5,10,9,2,3,7,1,0,0,0,1,0,6,4,3,2
341,71.8496317,31.9202786,78.6248927,73.0150173,51.9011887,32.5196827,1,1,1,1,2,1,12,5,12,3,7,6,0,1,0,0,1,1,5,3,3,2
342,31.23428667,187.5348534,161.20586,87.81962,38.0874267,67.1981666,1,6,2,1,1,3,2,11,15,11,6,9,1,0,0,0,0,1,3,4,2,3
343,63.47804,50.6516267,114.8736333,84.3277067,69.7563666,56.1575534,1,1,1,1,1,1,3,2,2,6,3,12,1,1,0,0,0,0,7,5,4,3
344,76.716753,40.04992537,66.6999793,64.6333593,44.150021,48.4665904,2,1,1,1,2,1,8,6,11,6,6,6,0,1,1,0,1,1,3,3,2,2
345,71.40009097,231.750618,78.166768,141.816896,54.133588,194.936329,3,4,1,2,1,4,5,19,13,10,2,31,1,1,0,0,0,1,7,4,4,3
346,44.3506364,61.4614633,82.4542413,23.5917107,20.5427737,51.2312186,1,2,1,1,1,1,2,14,12,2,4,8,0,1,1,1,1,0,3,4,1,2
347,89.44954437,101.002655,65.1893546,34.9624167,270.299182,58.504876,1,1,1,1,5,1,9,10,9,5,42,13,0,0,0,0,0,0,2,2,1,1
348,242.7244317,103.4560197,201.8315546,18.5724104,49.6706266,32.6641384,3,3,5,1,2,1,33,32,85,9,17,10,0,0,0,1,0,0,3,2,3,2
349,67.82228333,47.8610003,88.9393884,33.4800616,26.7133937,67.924861,3,1,2,1,1,2,4,7,5,2,3,4,1,0,1,1,1,0,3,2,2,2
350,116.7398646,46.1988176,134.1143356,136.4180457,59.941499,211.292189,1,1,1,2,1,3,5,7,25,5,4,18,0,1,0,1,0,0,4,2,3,2
351,53.997281,25.8813056,75.948188,36.3304277,36.8648077,108.2609373,2,1,1,1,1,2,10,6,9,5,2,9,1,1,0,1,0,1,4,3,2,3
352,184.41132,68.1981733,255.5587467,173.8784933,77.5137334,32.93254,3,2,5,6,2,1,11,3,13,18,5,5,1,1,1,1,1,1,5,3,2,3
353,276.037733,70.5768846,169.4144937,63.274122,106.907017,53.437245,1,1,1,1,1,1,10,5,11,4,5,5,0,1,0,1,0,1,3,3,2,3
354,80.198994,58.05701637,139.1378683,59.155786,134.4736713,65.4391737,1,1,1,1,3,1,6,7,11,2,13,8,0,1,0,0,0,0,4,4,2,3
355,27.41065234,195.6952496,101.5513584,89.038869,38.521803,60.660536,1,7,1,2,1,2,1,24,2,6,2,5,1,0,1,0,1,1,6,3,4,3
356,83.19501803,52.9633733,73.3124483,44.2972424,63.7961993,47.580572,1,1,1,1,2,1,10,6,11,5,7,6,0,1,1,1,1,1,3,3,1,2
357,188.1419633,72.083404,122.3065203,86.230951,65.635534,58.220471,3,1,1,2,1,1,10,5,5,3,3,3,1,0,0,1,0,0,4,3,3,3
358,219.787517,83.0428746,115.6429224,88.693486,48.2766603,264.0404257,8,1,1,1,1,1,54,13,15,35,2,41,0,0,0,0,0,0,5,2,3,2
359,80.607747,67.958201,176.1618023,147.008321,49.041862,74.8443763,2,1,1,1,1,1,12,13,15,14,2,6,0,0,0,0,0,1,1,1,1,1
360,22.301747,23.46848,52.404083,23.301816,26.218693,30.302351,1,1,2,1,1,2,2,3,9,2,5,7,0,1,1,1,1,1,7,5,3,2
361,27.44367533,49.801456,87.082304,85.7487103,38.531163,80.2296814,1,1,2,2,1,1,3,4,6,9,2,8,1,0,0,0,1,0,6,5,2,3
362,33.69983634,32.23313203,69.8327593,65.899048,107.148493,59.015771,1,1,1,1,1,1,7,5,7,6,4,4,1,1,1,0,0,1,4,2,2,3
363,62.654624,43.0988257,248.3113976,50.4166957,46.4558947,140.1705557,1,1,3,1,1,3,10,13,34,4,4,13,0,1,0,1,0,0,6,4,3,3
364,63.377448,53.67188603,196.5412316,56.0192434,66.590592,56.452126,1,1,2,1,2,1,2,3,13,2,3,3,0,1,0,1,1,1,3,0,3,3
365,55.62247463,66.03733,150.2382024,71.219818,131.6913996,78.201635,1,1,1,1,2,1,7,4,5,3,5,3,1,1,1,1,0,0,4,5,2,2
366,48.393887,71.70676397,426.657218,50.5595534,28.86265,115.600607,2,2,6,1,1,2,2,6,39,5,3,16,1,1,0,0,1,0,5,5,2,3
367,141.63126,66.346602,303.6370533,70.398447,59.109991,65.562914,2,1,2,1,1,1,22,7,23,9,22,22,0,1,0,0,0,0,5,2,3,2
368,42.09751467,47.5493473,104.6183367,37.8126823,64.271638,111.6602597,1,1,1,1,2,1,7,10,17,3,7,15,0,0,0,1,0,0,5,5,1,1
369,222.4269527,49.99806,159.071594,44.618697,65.304009,92.9178446,12,1,2,1,1,1,130,10,27,5,3,7,0,1,1,1,0,0,3,3,1,2
370,44.05522,39.06918,141.71748,64.78794,38.4788,44.1525,1,1,2,1,1,1,8,5,8,2,2,4,1,1,0,1,1,1,5,5,3,3
371,65.31396733,74.19694437,81.2965673,54.297715,39.9316273,41.514914,3,2,1,1,1,1,1,3,3,3,4,4,1,1,1,0,0,1,7,5,3,2
372,179.36272,60.637582,121.9582303,83.5227563,50.53683,73.271572,3,1,1,1,1,1,12,4,5,2,2,3,1,1,1,1,1,0,6,3,4,3
373,36.6353703,44.633813,71.1835144,47.756306,50.812041,40.709714,1,1,1,1,1,1,1,4,7,4,4,5,0,1,0,0,1,0,6,5,3,3
374,97.35005997,89.75142,231.21244,113.84824,106.0984,78.1654534,1,1,1,1,2,1,6,8,19,39,8,10,0,0,0,0,1,0,4,2,1,2
375,114.3282523,79.6627043,150.226105,45.2978947,56.5135787,60.7793173,13,1,1,1,2,2,16,17,17,17,5,15,1,0,0,0,1,0,7,4,4,3
376,121.007701,39.426898,155.524087,44.726061,63.8759213,58.807066,2,1,2,1,1,1,8,4,14,4,3,4,0,1,1,1,1,1,5,5,2,3
377,45.23131333,60.99697337,124.7605666,48.6476534,62.5472466,63.16336,1,1,1,1,2,1,1,3,23,4,3,5,1,0,0,1,1,0,6,4,3,3
378,116.4643624,46.512604,96.2047913,62.556271,32.080187,65.307041,4,1,2,1,1,2,13,11,25,9,4,7,0,1,0,0,0,1,3,2,1,2
379,59.1633953,46.214369,142.9097177,52.764181,38.1148647,43.5145,1,1,1,1,1,1,6,3,9,2,2,2,1,1,0,1,1,1,5,5,1,2
380,89.17853403,49.684608,106.112285,118.7844073,70.181119,81.7697783,2,2,2,1,2,1,7,5,10,4,6,5,1,1,1,1,1,1,2,1,1,1
381,114.2669246,314.9243344,87.1238143,64.044106,89.922095,45.010726,4,9,1,1,1,1,8,17,3,3,8,2,0,1,0,0,0,0,3,3,0,1
382,302.106511,79.1728783,230.2378277,76.157243,61.312327,50.732617,0,1,1,1,1,1,8,10,38,17,12,10,1,1,0,0,0,1,3,2,0,1
383,252.1520033,95.023443,364.9342643,49.4609,45.945786,52.543057,2,1,6,1,1,1,36,10,33,7,6,6,0,0,0,1,0,0,6,5,3,1
384,23.63135,29.527175,67.6639083,29.374394,26.013419,32.054833,1,1,1,1,1,1,4,10,15,9,6,10,0,1,0,1,1,1,3,4,2,2
385,478.9316667,32.379477,66.1534343,34.039426,25.9256863,43.297626,6,1,1,1,1,1,72,6,15,7,10,10,1,1,1,1,0,0,2,4,1,2
386,69.1978793,44.736807,48.2717604,45.7538803,74.8504823,36.649831,1,1,1,1,3,1,8,3,30,12,11,6,0,1,0,0,0,0,7,5,4,3
387,30.04881266,57.94713537,60.6304503,72.863283,39.998102,32.58182,1,2,1,2,2,1,3,7,9,7,4,6,1,0,1,1,1,0,6,5,3,3
388,38.94755233,125.3813347,68.5773273,49.0366807,24.127907,72.04982,1,7,1,1,1,2,18,27,15,17,6,18,0,0,1,0,1,0,6,2,3,3
389,73.81305333,53.64404,160.24156,112.3378333,86.2936134,113.72172,2,1,2,2,1,4,19,12,20,9,7,13,0,0,1,0,0,0,6,3,4,3
390,49.51864233,82.16411997,42.0678574,19.6973743,18.828683,16.3058613,1,1,1,1,1,1,8,30,30,12,12,10,0,0,0,0,0,0,6,3,3,2
391,56.616531,137.5024336,91.3840307,49.374345,28.9352293,25.4725107,2,7,3,2,1,1,2,18,28,17,12,12,1,1,1,1,0,0,4,3,3,3
392,139.205063,141.5042486,127.0749094,63.2373403,64.837051,69.3029,2,2,1,1,1,1,8,13,10,4,5,2,0,0,1,0,0,1,1,0,0,1
393,32.69736,36.14301333,64.48756,57.52648,47.1075867,38.5258333,1,1,1,1,2,1,3,5,9,4,5,7,0,1,1,0,1,0,6,2,4,3
394,68.25006333,48.530957,162.4420597,56.538502,85.683781,86.651327,1,1,2,1,2,1,7,5,8,2,4,5,0,0,1,1,0,0,6,4,1,2
395,60.5613333,33.2728577,207.2721167,32.5727556,40.174109,81.4985827,1,1,3,1,1,1,5,8,38,4,3,7,0,1,0,1,1,0,5,4,3,2
396,35.01527667,86.25477833,250.2948487,111.0495416,46.6872157,44.486385,1,2,5,2,1,1,2,10,35,21,3,8,1,1,1,0,0,0,5,4,2,3
397,32.8144404,39.4807953,52.1802833,79.712241,53.7134914,44.897341,1,1,1,3,3,1,3,7,11,3,5,14,1,1,1,1,1,0,4,5,3,2
398,84.821674,93.45752,84.523489,19.521906,49.896604,75.769037,1,1,1,1,2,3,3,27,20,4,7,11,0,0,0,1,0,0,6,4,3,2
399,141.83652,59.8130067,77.6458,32.63126,46.4303933,68.06166,3,2,1,1,1,1,23,6,8,2,4,7,1,1,0,1,0,0,4,3,0,1
400,32.86648137,27.833283,63.433169,101.716419,61.23317,106.966324,1,1,1,1,1,2,7,5,5,18,3,19,1,1,0,0,0,0,4,3,2,2
401,852.5366623,92.314214,142.7083,123.879003,49.961266,169.778262,4,1,2,2,1,3,46,10,31,15,5,15,1,1,0,1,0,0,4,2,2,3
402,121.58549,65.0657264,106.3151486,57.0990684,63.9824306,114.1034297,1,1,1,1,1,1,2,5,8,6,7,9,0,1,1,0,0,0,6,4,3,4
403,38.872121,20.77067097,107.7739274,35.3854,53.136258,36.252823,1,1,2,1,1,1,9,11,17,3,4,16,0,1,0,1,0,1,4,3,2,2
404,61.4706,79.5502,221.70402,31.9933733,76.59088,46.7903334,1,2,3,1,3,1,14,25,41,8,11,11,0,0,0,1,1,0,2,0,1,1
405,24.42098866,37.473303,219.005186,67.3455717,74.4801873,116.3374544,1,1,4,2,2,2,3,4,28,8,10,14,0,1,1,1,1,0,5,3,2,2
406,52.03975933,112.311194,251.9172043,61.5378244,60.971357,182.2303993,1,2,1,1,1,3,1,5,19,3,3,10,1,1,0,0,0,0,7,4,4,3
407,42.81644633,54.837739,63.7911437,134.118353,26.4602143,59.656228,2,2,1,5,1,1,8,13,20,43,6,53,1,1,0,0,1,0,6,5,3,3
408,322.6458617,81.6642263,401.0024953,210.65916,269.214023,63.620008,2,1,3,2,6,1,14,6,22,16,47,4,0,1,0,0,0,1,5,5,3,2
409,25.761082,36.80621603,170.1330833,26.2614633,48.5854804,48.135171,1,1,4,1,2,1,8,14,41,8,15,12,1,0,0,1,0,0,5,5,2,2
410,55.0500063,71.6449043,112.8251594,30.193555,21.343496,53.7381993,1,1,1,1,1,2,2,15,19,12,15,20,1,0,0,0,0,0,6,5,3,3
411,49.9795697,72.5946273,134.4068643,36.514004,89.526701,82.1772604,1,2,2,1,3,2,5,5,12,3,8,8,0,1,0,1,0,0,5,4,2,3
412,69.638802,57.0479903,316.4596606,200.5380353,64.337157,104.1843213,2,1,3,3,1,1,6,6,14,6,5,7,1,0,0,0,0,0,4,1,3,3
413,67.1665103,157.2726764,598.7238243,231.578472,55.839033,126.072548,1,2,3,3,1,1,4,10,21,24,2,9,0,1,0,0,1,0,4,3,2,1
414,30.02666834,37.28482033,126.5311026,32.0207663,35.624313,37.809206,1,1,3,1,1,1,8,7,61,10,12,10,1,1,0,1,0,0,3,1,1,1
415,28.57993433,46.644485,237.955389,168.5800344,135.533846,45.3279523,1,1,2,2,2,1,2,4,37,15,13,6,1,1,0,0,0,1,5,4,2,0
416,23.90539834,73.81254103,82.4797073,54.465238,47.062351,42.271292,1,2,1,1,1,1,1,3,6,2,3,4,1,1,1,1,1,1,4,4,3,3
417,110.157875,61.1354817,108.7871743,69.302484,39.2847217,62.5688696,1,1,1,3,1,1,10,10,8,5,3,6,0,0,0,1,1,0,4,2,1,2
418,76.396852,70.8630962,164.9259872,35.1814918,82.3456896,26.3996133,2,1,3,1,3,1,17,12,23,2,4,2,1,1,1,1,1,1,4,1,2,2
419,51.63724833,34.28552837,136.726225,167.311208,69.5548623,82.3056663,1,1,2,3,1,1,3,4,10,9,4,5,0,1,0,1,0,0,4,2,1,2
420,171.459945,57.2859064,78.393229,70.5212306,50.147785,58.9202117,4,1,1,1,1,1,41,13,8,6,4,7,0,0,1,0,0,0,1,3,1,1
421,93.806156,101.2727103,101.7045157,65.4277953,80.9968864,51.7762316,1,2,1,1,2,1,1,4,5,5,6,1,0,1,1,0,1,1,5,3,2,3
422,261.83093,43.5030266,60.1743454,38.45303,68.418438,101.9138136,4,1,1,1,1,4,90,6,4,2,3,8,0,1,1,1,0,0,3,3,2,2
423,42.1797067,74.00588,405.53838,91.0270533,131.79976,64.0995,1,1,5,1,1,1,6,11,37,9,8,14,1,0,0,0,0,0,4,1,3,3
424,36.82171934,122.5104336,144.3336257,52.349317,34.6385063,25.225128,1,3,4,1,1,1,2,7,46,14,16,13,1,1,0,0,0,1,5,4,1,1
425,63.14463203,53.2149123,134.2701437,137.323649,88.5514306,67.093418,1,1,1,2,1,1,9,2,2,16,3,1,0,1,0,1,1,1,5,4,2,3
426,73.37768463,40.081941,65.775032,36.914119,53.853929,33.312628,1,1,1,1,2,1,6,10,16,9,12,7,1,1,1,1,1,1,3,3,2,1
427,61.83175067,63.3489527,93.1317893,28.44951,31.9827713,86.8317906,1,2,1,1,1,1,12,5,9,2,2,4,0,0,0,1,0,0,3,2,2,2
428,735.2278497,82.219696,104.697793,45.592144,40.223542,50.408853,3,1,1,1,1,1,194,21,18,7,5,9,0,0,0,0,1,0,5,4,2,3
429,41.05918134,42.91580003,171.2948223,44.7720853,26.659352,39.570783,1,2,3,1,1,1,5,6,17,2,2,7,1,1,1,1,1,0,6,4,3,3
430,31.47966666,72.02199997,212.3746667,34.868,24.619,62.348,1,3,4,1,1,2,2,9,32,4,3,9,1,1,1,0,1,1,4,5,2,2
431,44.39997437,64.385536,247.9585986,86.219693,50.46848,128.9878564,1,1,2,1,1,1,3,3,14,3,3,2,1,1,1,1,1,1,5,3,2,3
432,113.7115923,72.680141,310.5036713,151.9604144,93.062913,37.798463,1,1,5,2,1,1,21,14,71,11,10,4,0,0,1,0,0,1,4,4,1,2
433,30.596986,49.5620457,111.1183353,30.4308283,35.3631677,41.245708,1,1,1,1,1,1,4,4,13,1,3,3,1,0,0,1,0,0,5,5,1,1
434,47.7350897,107.144449,64.7880656,31.9679974,34.8344693,57.279333,2,3,1,1,1,2,2,5,3,2,2,4,1,1,1,1,1,1,6,3,3,3
435,53.160698,73.39531763,85.0499594,60.673984,37.0158456,26.7902304,1,1,3,1,1,1,2,4,24,11,6,7,0,0,1,0,0,1,4,4,2,2
436,73.79065997,47.4819,63.54256,88.7828534,57.5890333,23.72456,2,2,1,2,3,1,7,3,16,16,20,14,0,1,0,1,1,0,3,2,2,1
437,43.633876,28.033756,123.884846,38.733869,24.500248,35.767132,1,1,2,1,1,1,16,13,19,5,3,4,1,1,0,0,1,0,6,5,3,2
438,17.918,34.76066666,124.0443334,39.3913333,53.4806667,59.497,1,1,3,1,1,1,2,3,17,3,4,7,1,1,0,0,0,0,6,4,2,2
439,21.42541334,74.74446003,78.0709133,140.8072067,32.26592,32.60036,1,2,1,2,1,1,1,8,10,15,4,8,1,1,0,1,1,0,5,2,2,3
440,139.553465,39.215539,97.9057574,49.727401,65.736874,56.591122,1,1,1,1,1,1,35,8,10,6,5,5,0,1,0,0,0,0,6,4,4,3
441,100.8606987,35.4084363,93.8028994,62.6281026,38.8894744,88.3076956,2,1,1,1,1,3,30,6,10,6,3,11,1,1,0,0,0,1,3,1,1,2
442,58.79269833,46.31667537,115.5141663,50.324787,58.7894837,59.176472,1,1,1,1,1,1,1,9,10,4,5,6,0,1,1,1,1,1,4,3,2,2
443,89.73619,126.2207053,224.623946,122.02067,48.268271,127.904152,4,3,3,5,1,4,7,24,23,14,3,11,1,1,1,0,0,0,7,2,3,4
444,154.2093964,124.160819,210.5071273,68.396581,124.177484,35.998336,5,4,4,1,4,1,6,13,32,5,11,4,1,1,0,0,1,1,4,2,2,1
445,167.4806037,66.822144,224.9560753,205.131061,56.576431,110.6895617,1,1,1,4,1,3,7,9,12,12,2,9,0,1,0,1,0,1,5,5,2,3
446,107.5564784,125.1572556,213.6486897,57.7227913,45.728027,39.2814974,2,4,2,2,2,1,4,10,20,18,4,5,0,1,1,1,1,1,3,1,3,3
447,71.455,104.716,239.7973334,96.299,84.332,57.315,2,2,2,1,1,1,10,6,28,9,5,4,1,1,0,0,0,1,5,5,2,2
448,412.6162066,242.0222154,515.0267723,359.933545,66.396817,119.044704,12,4,5,4,1,1,9,17,13,11,3,7,1,1,1,1,1,0,5,2,3,3
449,55.1615987,100.4455343,199.939637,18.537399,23.9100353,44.6664764,2,3,3,1,1,1,2,16,31,7,12,10,1,1,0,0,0,0,4,2,3,2
450,53.56673697,27.100036,172.433441,80.633383,40.250021,63.350041,1,1,2,2,1,2,18,12,24,5,2,5,1,1,0,0,0,0,7,5,4,3
451,368.407706,31.6248534,109.115839,38.6285033,47.938837,77.925654,7,1,2,1,1,2,41,4,17,2,4,7,1,1,1,1,0,1,4,3,2,3
452,100.4386267,131.34458,115.72994,491.25964,80.977,343.624947,1,2,1,4,1,3,19,39,8,61,5,29,1,0,1,0,0,0,3,4,0,1
453,126.6918744,70.7439313,242.5158663,121.829256,40.0343,92.979642,3,3,4,4,1,2,12,16,56,28,5,13,1,1,1,0,1,0,6,3,3,3
454,117.054603,212.216747,450.8381907,188.0600463,44.467829,99.05777,1,1,3,3,1,1,15,13,41,16,6,8,0,1,0,0,0,0,3,5,0,0
455,200.9285853,25.5894606,144.100064,32.316584,78.6368473,29.593626,4,1,4,1,3,1,57,11,41,7,9,10,1,1,1,1,1,1,5,2,3,3
456,27.85067334,101.3357933,72.6191267,74.6693666,40.0176334,46.2178,1,2,1,2,1,1,1,5,6,6,3,3,0,0,0,1,0,1,7,5,3,3
457,43.772534,57.04173867,166.6512907,53.6850436,23.3657494,22.4966723,2,2,4,1,1,1,3,13,53,15,5,5,1,1,0,0,1,1,5,5,2,0
458,52.91373834,76.68105703,97.7103036,43.9564267,36.9912227,148.86341,2,2,1,1,1,3,5,5,4,2,2,9,1,1,1,1,1,0,4,3,2,3
459,58.64276467,66.6297817,457.858171,176.3315883,109.403632,91.158473,1,1,4,2,1,1,12,12,71,15,11,14,0,0,0,0,0,0,2,1,1,1
460,88.6015347,58.1255483,123.8946087,62.429267,50.1465297,108.586495,2,1,1,1,1,1,7,5,7,3,4,6,1,1,1,1,1,0,5,2,2,2
461,31.18208733,41.49834137,143.5109273,41.065024,50.481314,46.464808,1,1,1,1,1,1,8,12,33,13,11,13,1,1,0,0,0,0,2,1,1,2
462,55.02627663,70.5289884,118.709649,113.6421556,54.5430564,92.982764,1,1,1,1,1,2,5,16,9,6,4,5,0,0,1,0,1,1,7,4,3,3
463,469.2750747,620.907184,262.061457,115.860821,168.909438,90.10292,3,7,2,1,3,1,57,124,32,14,48,8,0,0,0,1,0,0,4,2,1,2
464,53.54754067,30.581918,335.8015237,50.297729,46.61455,68.7636293,3,1,10,1,1,2,9,4,29,4,2,8,1,1,1,1,1,1,3,3,2,3
465,56.61411167,54.1140417,226.322565,80.1963253,57.9802903,160.9590984,2,2,6,2,2,3,6,12,25,6,3,6,1,1,1,0,1,1,3,2,2,0
466,62.517913,151.5696807,194.2038727,131.7692973,56.7177977,58.10116,1,2,1,2,1,1,1,7,6,7,3,5,1,0,0,0,1,1,7,5,4,3
